step,type,amount,nameOrig,oldbalanceOrg,newbalanceOrig,nameDest,oldbalanceDest,newbalanceDest,isFlaggedFraud,Actual_isFraud,Predicted_isFraud,Fraud_Probability
1,PAYMENT,365.0,a6050d360e8aced83f663a3366f6a13829c4f6537411667203d687abad8e7f9b,319.0,0.0,d34e19925692502d745169e1fb004d93cf8d21d80b2126e493bc66e5adbe4b7a,0.0,0.0,0,0,0,0.0
1,TRANSFER,26923.42,6f3a8d8d2cdf8ad58570db8e3834b4d919a6201d890c9ce7945b9df579ced19a,11049.67,0.0,cfb259f19fc32cc2a84be1b196aea1f1d8a2309aa74437b9722b43bca08d01cb,199404.91,95508.95,0,0,0,0.0
1,PAYMENT,4059.25,a9c56120d25ff67d67315518a6f12c9231adc9bb1beb94ab4a186bdbc185f1dc,4186.0,126.75,7d7ca7942caf3887090f7a7561fbfd472913ecdd7213ac31f392ea17d009467c,0.0,0.0,0,0,0,0.0
1,PAYMENT,11938.61,cd03fc4feceb71355969ffec53946322837a329e14943c0fe5d3805fbb21e2b9,0.0,0.0,b91c52d264d1d98c0d2b5014442cc1d5334b170313842a214414cba5a2eb034b,0.0,0.0,0,0,0,0.0
1,CASH_IN,34918.59,cb59bb54a7c3f20c38a2d863502e95d5d69bf31985d613b26edb91652f7ebf68,4339680.42,4374599.01,06d93250536d117648febcf91ee7af3712bb520ef7fd96fad3f52e05cd4d09b6,66604.54,18627.02,0,0,0,0.0
1,DEBIT,1898.84,2ff7d812fcaa63910b35b7d4b6887183bdcd2d165bc0bf8f7d8791467951ea57,102280.0,100381.16,0b9bb1505939a120e9000cf92a052169bd37621cf672e924b9393acaa193d329,11395.41,0.0,0,0,0,0.0
1,CASH_IN,201073.81,3278ab03cc0ae8f6235044d34f2140fa5f7a9b0bf6a07b710bbe3357d206c3ea,5484260.13,5685333.94,58d89e23009098f59948185afb40c844d3362623e610984db40df65653619cea,537766.76,1178808.14,0,0,0,0.0
1,PAYMENT,635.55,7f63deb9d593e799ca5d00fd1b5de0ad940748949e645c9036a6d2c8488df187,1131641.43,1131005.88,190de87fd9eeb47affb609a46aac00eacaeb05a0441614bf4a23cb764ffd3e96,0.0,0.0,0,0,0,0.0
1,PAYMENT,6440.78,9a9b30d83a35b94b0d4b7135508a864c9da448bf1607b85a61e4f82e6cad3c02,2192.0,0.0,3c343dd7481524296747255d45682446f097092582e3d2fb31b98f1ad6f39faa,0.0,0.0,0,0,0,0.0
1,CASH_IN,62783.13,a5884be134b9476ba7443872d032e7c5b8ce4b35dd75841a6e23812ec49c9668,202536.0,265319.13,36669da8f13fc3c2c0d078dab215eb1e65e35a16bca1373b0a43f3e1721d03eb,264564.08,204822.85,0,0,0,0.0
1,PAYMENT,38.66,b6c8e1d553cca003879797bc0e306adb1fe9977f9d9ad19ce35353e0f39cc478,16174.0,16135.34,9adbd008eb65edcf90d8a090f890b575511e6f134fce450b3fdc56b9fbfd9914,0.0,0.0,0,0,0,0.0
1,DEBIT,2356.99,e400d63027d3515519c404fe521c609a7a96848b8befe16b7b3c6c725737c45d,34681.0,32324.01,16d327e7a214927ef84e2ab6dbdc3e692801dd8746bcf17a26f09c4ecc239454,2643188.16,2025098.66,0,0,0,0.0
1,PAYMENT,1066.04,a100014e78f03315ac4a93d07be9afe3565e28052252153621798e7bc357cdfa,50240.0,49173.96,87609fe4f4d7068ae816b6960e1e0c471c782ae13e3158eda5e4881919a6c45f,0.0,0.0,0,0,0,0.0
1,PAYMENT,4233.45,20805050380d1b82ca5c27d67ee268eaad5aecbbe9863d383b68faa56d5e2f7b,0.0,0.0,5eb7da7721d7c5cb2ee0c12e2291959aa52aaf29a332e583b226f2d3d47fb64c,0.0,0.0,0,0,0,0.0
1,PAYMENT,3445.96,61f94ece9961ca937bcd134d449e34ccf714a67b0f638cf69634c63d2181dfbc,8576.0,5130.04,0c39e68ab3594d1e35918dff420b42448392ce24d86088e6451854f2d22c8309,0.0,0.0,0,0,0,0.0
1,PAYMENT,9686.85,ce6ed118d72b98a3cfd631a0c17c8aa1dd49a1f8b0cd38b9bcd36e3a6cd04f5f,0.0,0.0,4a6ab9ec1139217cf96e2aedbd2ca536031947dcf05418fd5c69c8b488674c08,0.0,0.0,0,0,0,0.0
1,PAYMENT,9805.46,daabb38b87f832e755dd830e51f2bd55956d10a1e2c24987294d5bf5ff6e5af0,0.0,0.0,5824a9b22e9fdd25cbf6b757aa4691014358df720f23ee0eea06150af98affc1,0.0,0.0,0,0,0,0.0
1,PAYMENT,5213.25,14a8213d9d8d8a0ec52403044b879b5167032084d76cb2ad20363ad100f9bf5f,36380.0,31166.75,e6d5be29c4b70c02edfdd56329c2015c2c8e1b4df42bdc3bc24748dbdf1f91de,0.0,0.0,0,0,0,0.0
1,PAYMENT,31922.09,b4b78dd59c872e7d821c473533e1377ab8a58d7edb2eeb2bf202d4c661fcc6ed,350755.71,318833.62,75128f2f005ecb8bd2ba6a9753c48e9fb228c2a82806f029d0b6ac4f52c1faef,0.0,0.0,0,0,0,0.0
1,PAYMENT,624.1,9e3ea0a513da1b468346fbc4dc90d08a45d7bdedce3b3b7474f4392d195fc0e0,1954993.04,1954368.93,fddf68b2c445dc309868201556d1ec35fa88929da5c5be0062cc454512bcc414,0.0,0.0,0,0,0,0.0
1,PAYMENT,18392.23,aa25c316b0b959fbb4b648c94047f3f8a3920e5a406823e0eb55fb0ec1aedd77,297085.0,278692.77,ec52085aa49be85c304ed81de7a6da2d507fb911fe493e3ac8fbcd6d1c3efd05,0.0,0.0,0,0,0,0.0
1,PAYMENT,15034.23,73feab86027945d5703239dd6c314044b6b2cdfc0fb9e0cfa2c6810bdad3301a,40458.0,25423.77,d2cd3ea64865a521cf48aa444cdfb5747972a284f487712462fbec719f809b7b,0.0,0.0,0,0,0,0.0
1,CASH_IN,234094.24,e9c86b124c258a90144bf7a99fe559d80b7c51e5e521965cda4bc12ce905dba3,5678386.36,5912480.6,7ba10b36fbd62262e79eeeecb869312021ae8a1e77a9b9b559388809c0f7ab04,1278333.12,971418.91,0,0,0,0.0
1,TRANSFER,38829.9,7c209f97c0e0fc1f0c687314835b351d77a09a3646d84b536b20ca7253bb8099,708735.91,669906.01,90eb8fc5260b35f84172cf8512f7d34a46b6e43bb0e13892082c5d7b413926c1,1822523.08,1567434.81,0,0,0,0.0
1,PAYMENT,4932.54,b68e15551562e7ccd18e8f0de06652c69bdf96de626310d4b56f93695ee591ab,136555.0,131622.46,8b37fd78d114b62bbba2f4583e99e88816ff2a9c5bee72b7462a604858150a6e,0.0,0.0,0,0,0,0.0
1,PAYMENT,8586.98,85f11a42836830adf697bb58e89cde3372de2840ab8c52d191d3ca2e3a6a341d,3763.0,0.0,a70853adfda6cdc6c7d68e71fc139b25b25ed7b9b6b20c91dbad82d07f712da8,0.0,0.0,0,0,0,0.0
1,CASH_IN,63255.29,8f4ac219e9043cb4a22e2a16d73a72db9d4f12911f94f5df8a166004624ecd8e,4904890.21,4968145.5,22978c4bd7aae20d6ec39eb94982f194bc39897703baf97c052501e5af8edac0,237735.3,0.0,0,0,0,0.0
1,PAYMENT,5809.78,c7cfe11eeb992c2ccdbea9d3ab0ce2c608c625114da68c7499e42f5ec161161e,99884.0,94074.22,d9bc1863c04f0c9d93e2da42fe81c71b8b20fbde07d3ce85c3a2f4a149202e14,0.0,0.0,0,0,0,0.0
1,PAYMENT,6675.34,c239bf5de77c5fa2093e083fcd798008f351c11f819df916a7ff135ce118847d,10107.0,3431.66,848fd86abcf985123d1767aee23ce8182e4c012f197e07a36a6add345f3a8c45,0.0,0.0,0,0,0,0.0
1,PAYMENT,9920.52,3019ab02cb6a444c9a26a6327a178ea6cc27cf35c52c873db45173c3888cf271,0.0,0.0,50dad5ba2956af6fab68c32028fe35dc035e47ced0517fb721c616eeed493ee9,0.0,0.0,0,0,0,0.0
1,CASH_IN,9577.45,140bbf7a48e8b3f7d59839a8f0c754f53acd9e42d66c20ecf13cac0a0b9d270a,519812.39,529389.85,980f35d560ce3fce5f78ee451775886cd1fedd750367376775e3b7dfd837c4ae,32204.0,22774.25,0,0,0,0.0
1,CASH_IN,532111.14,fbe761949e967e2dad3efe8f10c31a1afb7dce068db410cc82674f1cfebdb488,4244257.62,4776368.76,84a1cd178522e8de7fa9523a6eb8df685d6bc285c08af44dafd5f0b6f83a2a6c,893395.39,157982.12,0,0,0,0.0
1,PAYMENT,14895.51,c7f4cc9fb0e5aa67084231f535bb5582d6ed6a41c9b0670425eabbeb91b04926,0.0,0.0,75e3656df590a9c4ce77ba8c6601397eb7b39505e9a8ef692ca71c808883c6db,0.0,0.0,0,0,0,0.0
1,PAYMENT,895.24,6801e33c8c19e7d05c41a33781fb6fb0f3d01ac02eedb740a8a82ab5af3bb7d8,56363.98,55468.74,ecceae8280fb9faad5f0365ce54ab1213b9a2a8c15bf4c52e7e5d3a4d5bde73a,0.0,0.0,0,0,0,0.0
1,PAYMENT,12363.37,129e7e11dcaed5f52c166d51a3403cf5952a2d417be457e64b546eb670bbfa2b,2369160.89,2356797.53,975d6d646261f93dac81fee2a3d81c16be1de0278b450bba5142d11b294c390f,0.0,0.0,0,0,0,0.0
1,PAYMENT,13268.46,661793471761146eab415946a0f9c85114bc465d79e6990575524a3fd9dcdc1a,5881.44,0.0,9b194ac818942828dd282c7c852665f4b0b4875f2474d90eb3cdedd5768263c9,0.0,0.0,0,0,0,0.0
1,CASH_OUT,173512.93,047f2baabdfcdb2fb579f2e951f8034f9f281212506c4210fb2fea5133b514bb,0.0,0.0,e5468c548627f43fd33eade9789e5dc6c363fdae8b7870c5b1c77f2736a50c92,8354718.14,10700000.0,0,0,0,0.0
1,CASH_IN,57262.72,7e7d6e3a2e29834343dee197043e107108635a06241d537209b86e12212dd179,4374599.01,4431861.74,0a8c2c8d835de1b0fed0d8ff4c7e54a99d644ebd5fcdb0e8e6e6917c709941c3,72917.77,16896.7,0,0,0,0.0
1,PAYMENT,553.25,d38139c07a8acdbf23e1f5632c044bc1313c55afcb2cfc403e5c9c0d1ede106a,7522.0,6968.75,1987a1319ce719e764fa59be2749921c35c07d71d8f7b1ebf8831d3a531007db,0.0,0.0,0,0,0,0.0
1,PAYMENT,727.94,8ecf22453307fe7a713dcf801700f58fdd0c867d2d391972b22bcbb74181cdd3,103538.0,102810.06,f19ade33f4895a9eb0b59f2b049958619261bb8c5a9c6bb975e1f10c1d8ef304,0.0,0.0,0,0,0,0.0
1,PAYMENT,1915.43,73458382d9a7f185a3f0fd6716ea6a514efb127f66775cbf5b71ec4f79313863,11450.0,9534.57,e7bebc3fa02e2620809af1b102ec13fc18646e7f3a1549a4e8eb8ea863a8895d,0.0,0.0,0,0,0,0.0
1,PAYMENT,6376.99,df09b63c22a7135ca3d7a23b21e90ca6f8cc700a7d03188c80f238399443477d,357871.0,351494.01,f57e1902442e1a71307eaa086c5d479dc9dce7779e38c3943b77e864b8162ca5,0.0,0.0,0,0,0,0.0
1,CASH_OUT,195314.34,624960e1742fe37b52d8f4956d85782e4e77627fe0966aa6c8fa706447519cf6,0.0,0.0,56cea2a516c83ae963ccdef693077d96512606ad0a5177f7675c96b0e9b03c90,491226.48,1186556.81,0,0,0,0.0
1,PAYMENT,619.24,cfa5abd31b61409a40fe449ab8f388822c075c2f5b3a3431532d6381df1bba70,31960.0,31340.76,32e94ab80f802b20ddce241a4cbd817c19dade605207b0ad6118b5c1735e71c7,0.0,0.0,0,0,0,0.0
1,CASH_IN,61505.91,81d0ae9b11cba660e477ef4ccd81cb35b332b7c174b6d0edbf2fe8545e935c96,4910403.44,4910403.44,2a84cf3bf5cf892930c455dc66fd63ea8a765b5ffdb8147745cb0a08c9e35066,4910403.44,10600000.0,0,0,0,0.0
1,TRANSFER,2806.0,f88ba94ba1c107bc7ec68b1c1e3361e37cffbf88c183b345b26f843dffc052e0,2806.0,0.0,54dd716ed3dfefbb6ec59792ca51712466da7ddabe28fbd49482090f5e37877c,0.0,0.0,0,1,1,0.6666666666666666
1,PAYMENT,4476.2,24a04b744d661d9f76840d71ff79fd0a115d24c25301280e8da6d94cc1ba637c,0.0,0.0,9ab107cf000da0710f92dd2663b680d0d99276d302a054f984211fde10428ad1,0.0,0.0,0,0,0,0.0
1,CASH_OUT,69708.79,a7accf348476241020c699a88a9368cb5cc98d456b366dafa468603b03d809b7,0.0,0.0,ff16b499bac0b0c6e31303254bcf1c7cf6dd76568b77766a4dfc8b1cf5d2fa52,71982.88,353532.56,0,0,0,0.0
1,CASH_OUT,47458.86,5ad00ff5f50eac80f7eadbacd1a4e9b5ed93cff0f838a3211b6d5ca2f34c83ce,209534.84,162075.98,52e9b7a2a0b49d106975a9843e00537b87734dc62dd553bc3e550a3355e363b5,52120.0,0.0,0,0,0,0.0
1,CASH_IN,193161.04,c942cab29ab49f6a58b8bbb1ff31eaa6a1218ad97645a7377d14387aaf299068,6372625.28,6565786.32,ac9ca257117c28b21ee9a02fd820bfe3c69adb21724120d92f505d7525878401,2441173.94,3940085.21,0,0,0,0.0
1,PAYMENT,4845.31,dcf6c53731c2bb3c4a4d0842372ef345ef6dfbeba376c79b865c446b3f6072e0,5998.0,1152.69,92aac208250837d3023415fcc45670f37b991942e2e09e12910ba6707288b540,0.0,0.0,0,0,0,0.0
1,PAYMENT,663.34,4ec826f0c9c1db1e530d1e68f9c073491348c358201d6a2a0fd0ba0f6f7a0ecf,54727.71,54064.37,3dc8a8087a635b96172f17708985d32e9e0f9ec88c9d96d8f0fa79d2516354e2,0.0,0.0,0,0,0,0.0
1,CASH_OUT,82054.36,f42c926993730d05d8b9dce99bbdec4bb2bbba64326fb5406cbb4c50faa5211a,0.0,0.0,ba1b2de3e9b14b5265a6815b1e85bbdd2d5de251f50878198deef0e2441e45c4,174795.14,32092.07,0,0,0,0.0
1,CASH_OUT,503333.79,b9f83d8504313d735a8641490b635b3676f08e0bc1b901b9745040b1033ec06e,0.0,0.0,7ba10b36fbd62262e79eeeecb869312021ae8a1e77a9b9b559388809c0f7ab04,553161.42,971418.91,0,0,0,0.0
1,PAYMENT,2528.1,a05d056b0fbbaeb4d54506f14c1142c8c8b23d750b3a2c198e13e8ceaf8c94df,5037.0,2508.9,24123cfde065164f82216e4ef05624bebe4568cedd5d6d694d4f443477dfd44e,0.0,0.0,0,0,0,0.0
1,CASH_OUT,94332.0,0ff322a9a8f7d5f808a853031a824390a876f7f1202995b10ffc0d51f90eeb2f,0.0,0.0,ba75e7340ae5c37c112a68cb1fd65e5eae26c88feea54dffc784e1e69226f6bd,621561.65,3997768.55,0,0,0,0.0
1,DEBIT,3111.86,0e65a5b4b52ced86ab374a731473ff59b0c27bfd376c488f11203a280bf3ccc8,64665.82,61553.96,b47af928b05d32ed56df924a90de72340b1f1a9cb137c5ef98233f4192a6827e,10070.22,0.0,0,0,0,0.0
1,CASH_OUT,32702.61,a305e8d28cb8de15c3c1f3f9e5068f89ab8ecefd214b800f97fa722346c5c4c0,0.0,0.0,a1b14d1af76696019c9296781f9c2c27dae7535d801821327b3ce0cf0a4f4546,253053.0,31469.78,0,0,0,0.0
1,DEBIT,1009.43,e89bb21831b8edeaef64a68dd1bd48e0bb935e4c19b14b4a3baa39d7ec9da359,23322.0,22312.57,65271959141abede74651384428f14288e19d9a3bc3c883138918f887e552ec3,476138.03,55974.56,0,0,0,0.0
1,CASH_IN,90556.08,e4090c3676415937c58752691e99f3722377af94a5e514f7569a5a248a1e1471,7580303.64,7670859.72,21fc25b55a650885e76fceffe85765e7690414ef0859d736cff5ad885a22b1ad,186372.86,8496.61,0,0,0,0.0
1,PAYMENT,9119.89,4a8f0af8f766e6899272657500369b0822afbed321b4d4f8804a711e28161c5b,241465.13,232345.24,db4a9c65b503dbbca85fb062ecc705e1cb4ec4b3243f2419d8e918eb42784f53,0.0,0.0,0,0,0,0.0
1,CASH_OUT,98247.27,1fc54acbd60bf687ad8a6e849846a5b3f839579ef9def5d1264c69d086a6af74,107181.0,8933.73,1f97aa66f9a3272cdb433d1391bc5786d96f9b4008ac8f821cf0cc1c18b82ee0,0.0,54985.05,0,0,0,0.0
1,CASH_IN,5763.99,16896ba50960ad58d18473a95cf05bb0f821ebc68c93b65e0ca3b8b6f6af103b,1276098.29,1281862.28,a20ca4f7ec5bd18bdb5ead3896520013615a6b157ba14103055b9604b1241377,24632.95,46462.23,0,0,0,0.0
1,CASH_OUT,691738.36,2802612cd9cc1d98c9424b0abe3c0424214a12d97466a4dcb0111d23cce8da79,0.0,0.0,9a3c6dea000031b50472b0686f6b7bf8dcafbfdd59dc76d85398fb59a9b6b2f2,6285707.02,19200000.0,0,0,0,0.0
1,CASH_OUT,130905.88,29ef13908c06cf639552a4bb266fcdb9afdf4cd4937d19a0fdef04b0da85d7b4,48699.47,0.0,7c172f4af0dc401d465a7e6fdd91b06c6233e43ba645a47bb71ff74991dfee2c,433800.95,265092.36,0,0,0,0.0
1,CASH_OUT,315552.62,8c581ba3c6411185feca9c150aa6fa07bdf2acb9c0194d7c9a828e905e49d4f4,0.0,0.0,81446253989d920d60abcc41c8d2c0112c34052487f98b465c9db650a0e4f565,10000000.0,9940339.29,0,0,0,0.0
1,PAYMENT,4828.43,264367cc22faf30e0359b0f66727f9a26382e9f8a7d69971e17e42f3ec2998e9,36736.58,31908.14,f50702579a9b38d1d47c35e32ee2cd5299814162daa3609b700ef2aa114d90ee,0.0,0.0,0,0,0,0.0
1,PAYMENT,7550.29,7eea09c9f452a92e522cbe2e516135e807dc950c6dde64898dbb1dea2d7cd5d9,0.0,0.0,ee870fa75630886d01c6bcef1f48a3c9915362cb227dc56395480a1f59754ec4,0.0,0.0,0,0,0,0.0
1,CASH_OUT,176149.9,b4fd793967e8a7951479fe4938a7d60cd953195729aa99e80cbccf064d677b8e,0.0,0.0,fad8a26441aeed13435001cfd2f892c2e310295c63284b257b35fd5298ecb635,259813.0,46820.71,0,0,0,0.0
1,CASH_IN,119081.76,f672f0dab02b7627e1d2ada14ee11bf2a1e2eb758caa1a989d8a3701695d2c03,2364146.87,2483228.64,b9e5cb8e32a1ae2d741b60236770e9912b2d73dd3cc10b8f711b8c99fd7c3911,2762216.66,1412484.09,0,0,0,0.0
1,PAYMENT,1460.63,0d8a0aa80c3243eb5ffdce32a7a68d87eea4c412c2d98aca1c0480b907a6ae96,1132.0,0.0,8265aef674dc7a8a06004a2f44f55ccf1bf197abee109ec7dcdf4296cd96e181,0.0,0.0,0,0,0,0.0
1,PAYMENT,280.59,92a2731a187743edc125b23f1e9d9ce86681f908406437e5966c8c1009413b9f,200148.0,199867.41,2197ab4308a3776024cbd8c0162f7e41901da6b8ebb412e1b6e80655ee53d478,0.0,0.0,0,0,0,0.0
1,PAYMENT,3830.45,06862f08610dc63debbded616f86c512e4364309c8bde3455841dd8b5f77adb3,84182.0,80351.55,e41f18a97b3df6424d03a2210971a73f159161bbf40912f3d7fed551b9f5e4a8,0.0,0.0,0,0,0,0.0
1,PAYMENT,25554.79,8eeccd861ba916e22d03baddbb1d85cd8667f5db74bf1f64be5bb8f1822947e9,2347.47,0.0,ae2710fbf95662c948747838b01333b8badde4ae546340325b910c50a08d5a2b,0.0,0.0,0,0,0,0.0
1,PAYMENT,5924.89,b3b538437d2233ebec61996c8d5e64f9458c93b2326eb7514ed5a25370abff3e,1518.0,0.0,f237ecc32f01e6397a948c59328ea7a2fc089935af35434a2ac204a7ae6a1540,0.0,0.0,0,0,0,0.0
1,TRANSFER,494972.01,ca2cb22e132374b494b9e0a5ebbb99c7f48806d9f41dbf09ac66b7dbb6976d27,0.0,0.0,16d327e7a214927ef84e2ab6dbdc3e692801dd8746bcf17a26f09c4ecc239454,2185770.78,2025098.66,0,0,0,0.0
1,CASH_OUT,183842.53,79ec33ba1551e9a15fbb360b4bb13756d38d2cb1ed3f350f04df87c40da600d7,0.0,0.0,63ddc47bc912486398c30fe78b4d8e1dacf9ab64a75f7052fa413ce047b30788,600205.85,557537.26,0,0,0,0.0
1,TRANSFER,68332.36,4ef200a5f607cb6c4d6fb790fa312b62bb1687eebbff66c52a688729a6bf3429,0.0,0.0,ba75e7340ae5c37c112a68cb1fd65e5eae26c88feea54dffc784e1e69226f6bd,2170904.16,3997768.55,0,0,0,0.0
1,TRANSFER,176334.26,aa6c3067b9f5333730b5829df52fdb81b014e803fe579584edcecfc9c620206b,45136.0,0.0,5cc80daa350b9f4bcfbbd4718cee9333b20a5b3dcc4df21760deb7e56c23f2e7,1251626.46,2107778.11,0,0,0,0.0
1,DEBIT,1150.14,1294c29a07cf09196276928670020708a42c7ac08b807c294ba8995e51ff8662,21634.0,20483.86,c3113bfeeefb675ba4aea644bc153293a4202f474e88b3bbe5d9ed1d31b9a7f3,15653.66,23568.91,0,0,0,0.0
1,PAYMENT,7292.16,dced8d322e9d3ad453deb5d6fcfec1827f7edf4acd525e06ec968db384a649a5,216827.0,209534.84,74e8f13827cd93e364df35da290e841211b41978af7d581ad7a17a5be9390755,0.0,0.0,0,0,0,0.0
1,PAYMENT,5601.3,07ff3f533d06c6f5e0750a205bd77102f943b61c4c8c5f27242fe5f97dfddb9e,7638.0,2036.7,d144ec82727414042f598b821435339438074b007da943d70f65f949518d6ddc,0.0,0.0,0,0,0,0.0
1,PAYMENT,12445.65,771cfb694611e0ea4073b57c42f9420ae17c9624b9aacd17d03234b420dd1bf8,0.0,0.0,5683114d507b8c12c1e38a6517d814de8c3856b39431b7d9515bf70a93deb70a,0.0,0.0,0,0,0,0.0
1,DEBIT,1533.55,4a610fc8148188fa14a82c9d088a6444ade030d8c2f00cad94d1a5ca911d8bc6,45093.0,43559.45,a1b14d1af76696019c9296781f9c2c27dae7535d801821327b3ce0cf0a4f4546,29936.24,31469.78,0,0,0,0.0
1,PAYMENT,2364.34,b8af2ef83af476ccfd7ac2037e2c7a7ddf8215fd9f3e257c0cf22ff5b05e7c42,568161.42,565797.08,c4175b609f054e32a35016480ee348516ce5b04c390efe74200aae472c420d6e,0.0,0.0,0,0,0,0.0
1,PAYMENT,7648.78,312d88f427dee83e9ee75b7f95837fb87e36c7a1975e87a9af70270cc3965446,1596.0,0.0,735469df85a876e008f94e3fe5e36cd6b667c0c96bca70c30037f8251fa85ffc,0.0,0.0,0,0,0,0.0
1,CASH_IN,25090.03,006c67a0370f2cc59fdbffbca1431fee3630b4dacf84e62134e71c31496970b4,6572510.82,6597600.85,90f01733727337795265616712bbbdf4ca77fe4bc333e9d4d3871d5ec4861ebc,80148.6,0.0,0,0,0,0.0
1,PAYMENT,11770.54,42a224ff4aaa2991d89a7d686bf6a62d9aeecb1cb9064aefaeb08fece435b8b5,255488.0,243717.46,3799b90fcdfda094be9ad3af1115ba4f3eae5461c92b2444f1f48f0ffa903ad9,0.0,0.0,0,0,0,0.0
1,PAYMENT,4779.93,0e26ce37ccedd3bf8a54ba0c86515897dbc765e48b6a309035bf526769a6f0fe,121.0,0.0,6b84db90c2654970b30a263a3634a9aba1e980dd6eb582b46690b4aac4d096e3,0.0,0.0,0,0,0,0.0
1,PAYMENT,622.15,4bd1f894dccf1a1bd545d43518db675c2774e46056be34813d2b3550130edaf0,14112.8,13490.65,96264f0eeb714b4b68a3dc9fde9f5fb45087b8834d6f160baf3d337c3d914ae5,0.0,0.0,0,0,0,0.0
1,PAYMENT,360.13,ef3b5ca1f10d35e8577c93813b23abf10999601700e55f4e3bc5d2f028170fb3,38939.0,38578.87,6809ef9b65c4367d0543b44f57fdc9b4166a8753c157f5a32c5438cfdf7068ea,0.0,0.0,0,0,0,0.0
1,PAYMENT,5936.82,740c2d8dcd64d231f86ef5601e11c571edf021c0d46d4b0d05f42b131a8bab77,741.0,0.0,167fb4adcce37f01ba4c0db019020f525f76f91b523c8c42ca95e8c4c566d243,0.0,0.0,0,0,0,0.0
1,CASH_IN,404167.6,a5f9cb43baaca9254cbd56848c2663769f75eaa28842582802d73a80645d4bbb,4910403.44,4910403.44,2a84cf3bf5cf892930c455dc66fd63ea8a765b5ffdb8147745cb0a08c9e35066,4910403.44,10600000.0,0,0,0,0.0
1,TRANSFER,13614.91,86a7a6623c9a570c653708c011412184dffecff84311e38091a1b60ee00161ee,0.0,0.0,6ce6127fab6f139dfea24c836ff1421b6722d0f8ae03eea8ecad1f9eca5347d3,30195.0,0.0,0,0,0,0.0
1,PAYMENT,6396.49,2e3be3e1200ea752ff47e44247c0cabe253f46cdb931d6b16b3b48ae7a7a562f,458.0,0.0,c40af57fdb998e52052b6957e2c0e57c30fe43e777bac5c06345630e48023b31,0.0,0.0,0,0,0,0.0
1,PAYMENT,2073.2,3c84384e5cbe9e79fe89eb4acb2078e93bc3ab101f55dea7d7b2e7bdcb53e363,21363.74,19290.55,8064b8b8ffe51eaf2fb2a2c7fbb7280a6f571329b7b0f92ae2b17f3b8bbf477d,0.0,0.0,0,0,0,0.0
1,TRANSFER,473469.94,9dfc20ba79b910b57d68d40b8735b2d07030a7c6dfc511a7cfc0a0070decf4b7,4639386.1,4165916.16,cd517d3c6fd1e67b4344734623f72938774905c17286a8404a26b61f4dae8db0,2743237.78,3420103.09,0,0,0,0.0
1,TRANSFER,161217.61,3b7af534464f67cabae3bc596c8c16eab2bc49a9ba483bfe7ac83b462ebceaa5,0.0,0.0,2856662ff277f2108b1d23d62a1f806f74eb8d5a1027d943d0f8c23d71963a2d,199733.0,5602234.95,0,0,0,0.0
1,CASH_IN,137209.38,390214c75614f3ecdf4b7cedd1ae32088e7cfca8417cd27c43ab4e0fa75ec802,2984780.07,3121989.46,b2a873ec9dc5c01fafbf66e081993b87e6943295251ec834ff0a1b5ccafd1342,224555.0,58319.72,0,0,0,0.0
1,PAYMENT,4828.64,d9cf546da7dee784f836a910bd4e76a43fd7d3ad540f6d8d271bff701df78f6c,0.0,0.0,f490921d1e27c8ab2a6beecb749d173cd6fdfc64494b56ec5281fb348824f0f9,0.0,0.0,0,0,0,0.0
1,PAYMENT,1534.54,b9cb0936da53daa1f6ee7a05537d2ba760872cae48a191429e426e5df8e05c90,12059.81,10525.28,b8b4d9b93cfc736981a8fd83b57339c6d590289762963c3f690f875d05de8b44,0.0,0.0,0,0,0,0.0
1,PAYMENT,11679.19,4aad0d9683c8443bb47bb7907be03aafcc75cce218d61ac4550cc23ddfdb89c9,30414.0,18734.81,59e17982d33a413fb0afcd54d93172fa3541cb8cdf02c69462fc2e11cd460b3d,0.0,0.0,0,0,0,0.0
1,PAYMENT,4170.82,35b7ebb92ecad42394f84718dfb4af78d0e43b9dea6de929aeef7d36f3850372,31251.0,27080.18,776c651be0dd2ed0ad48f4b62136b9f2636ff70e153e3faf5eab1a173acbf69b,0.0,0.0,0,0,0,0.0
1,DEBIT,2935.86,e3e9a71f3b665f4fa492eb95db3a42c9e1a9442c0568714f7323bcb6f913a169,41256.0,38320.14,258fe3107c8fd367a43c849c3826e58f067e94c41234dd844f4007be64c11d4b,18899.88,252055.24,0,0,0,0.0
1,PAYMENT,3608.41,f23997d9a53ca471f6120728bd3e1262551e853bdd962591ecd38400da036ede,11150.0,7541.59,c76ff77ed33e7b44197243a5021400f8b896f32ed6d8b380a165b7cf54c0ca88,0.0,0.0,0,0,0,0.0
1,PAYMENT,27845.63,f6dae210eb4c90b5cb35ebd2b72e17e0f5b241c0fc5c3f9127a6554c8581fe22,0.0,0.0,da69de1af8c240ccebe86769ae599eba17d7473f3fbdc24bf0eb29cdb780477a,0.0,0.0,0,0,0,0.0
1,CASH_IN,15152.15,6c2769f9c929320bdd95d187edf1b90aa666922c8798dd42c2c7c86305228070,3561711.36,3576863.51,3889a8462cecfe1c087bd41132df8b09bc44013be304ebbea79eb9d34865068d,8439095.6,12500000.0,0,0,0,0.0
1,PAYMENT,9161.98,3aefb8ea2e9d8936d87ce0ed3f59c23a1450955a03afe0f85b884077dd95fd15,11128.0,1966.02,f7113461765ea9e123f580d4a2e693ab7b07243977f6efaf8f3a87c116cff905,0.0,0.0,0,0,0,0.0
1,CASH_OUT,61159.51,172f1cdabe5015cba48142fd744e6ec17c63e76491376195d5952c39990e12df,0.0,0.0,e296c80aeaf6a45fa626b9e5c5040963c03bc7511b6e4f2cfeb4fc22b30af97f,340334.22,51513.44,0,0,0,0.0
1,TRANSFER,982862.81,5c90708a2cacdd8e30c7bf98678ac99ec1f1d19d331b2b7f817439d597c6aeae,0.0,0.0,7ba10b36fbd62262e79eeeecb869312021ae8a1e77a9b9b559388809c0f7ab04,2187842.49,971418.91,0,0,0,0.0
1,CASH_IN,51284.87,4071dfe514758b1a7de48b3511f5d9e0ed4101578f7ad817f63f0c5d64894527,4133681.78,4184966.65,8726ceef1f85e26e7b744e3456451f3c87b9320741ffbab1df23f8fb225edd43,6054544.78,6453430.91,0,0,0,0.0
1,TRANSFER,20128.0,af66ecb3cf33b120f7e0aff810c04de3b59cfc4803f2068b8b1f3b6ddff2073d,20128.0,0.0,01e04c9d47964a2ade383713cec6e83fbe2e97d0f4788b0f578292cf8c18cd6d,0.0,0.0,0,1,1,0.6666666666666666
1,DEBIT,429.42,03dabed5159e1a80cdc997957219d4e5694dbff819ebf2215de4a60b880d1a0f,46064.0,45634.58,9a46fc8e2caac951d6d85846812c691c0bc9e2620172bdad84624828aa732a78,31281.0,14566.06,0,0,0,0.0
1,CASH_IN,285185.34,b53ced99fb3cc898442b93f8448e6de95bb338dadfef6d2a95afa9125f22cd38,7679741.48,7964926.82,ff16b499bac0b0c6e31303254bcf1c7cf6dd76568b77766a4dfc8b1cf5d2fa52,451065.09,353532.56,0,0,0,0.0
1,TRANSFER,955855.0,7bbb92494a3fedc0d52a925da6b7340d8fcb66dcf7d12c3e6a7091f203c55537,0.0,0.0,8726ceef1f85e26e7b744e3456451f3c87b9320741ffbab1df23f8fb225edd43,1179112.54,6453430.91,0,0,0,0.0
1,PAYMENT,11982.62,253c4fd2b70a8a3f1faa7a9c3fe5d2e6cf8e21cf935c347518f976b3e35de2c8,22386.0,10403.38,3a07f58f4f77329f2115f6657bc23e85c19b46f0d078d40d2e782725e2f69f31,0.0,0.0,0,0,0,0.0
1,CASH_IN,245041.35,3f4afac4edc95684ac947cbd3e12ff8b7d6f5af55dee4104f9b6f88d979cc5dc,7910045.61,8155086.95,7ba10b36fbd62262e79eeeecb869312021ae8a1e77a9b9b559388809c0f7ab04,1658999.62,971418.91,0,0,0,0.0
1,CASH_OUT,130470.14,cc701d0c417df64a5558b7c1372769ffe6a6eb70f355ff2f829df9168f90eb81,25359.85,0.0,7a3400bac20ffde9e8a4901a7c8b154f7c7d55d49b8b193a5e710892017c0dc2,1280773.97,1254956.07,0,0,0,0.0
1,PAYMENT,6557.51,eacf239b56b6f6fd78f4dc45610259a2f35b77e8100d277de8a5102657c83c17,107056.04,100498.52,47c5e4871a7d801f456282f16a47d338071b0d2b27cd05c12a063797ccef7b00,0.0,0.0,0,0,0,0.0
1,CASH_IN,189595.83,9b33ec03713895e3d9b2f1bbecb0247d432a8198417905a8505b1452a54ad889,7007545.23,7197141.06,0ac13355bef4286e1358d72e0878a6c5025a06754eecb852b89bf37b4349c381,254271.98,4891090.56,0,0,0,0.0
1,PAYMENT,9470.85,eed7d0a02c60aeea0518e43fa0bc2e69171ec7e724083cfe0286d2fa65387609,0.0,0.0,5814d9d7a233b5db7c1ee410b60400a2a10b60d1ce018cb599c55b524e5c9210,0.0,0.0,0,0,0,0.0
1,PAYMENT,2610.01,69586a1df9282bf6f2084c271e7f9227c0ae50f4c2602ce5f9bfd9db053cf782,58697.54,56087.54,bb911bd7580d395ac56005dc344944dd485ff9f17ccc98ed7870409b8e0882e6,0.0,0.0,0,0,0,0.0
1,CASH_OUT,71991.42,bc5b7554722e740d2ffe7013f627fcafc519d7d38276834e252a4e8b49a5a49f,0.0,0.0,63ddc47bc912486398c30fe78b4d8e1dacf9ab64a75f7052fa413ce047b30788,81682.58,557537.26,0,0,0,0.0
1,PAYMENT,4881.15,8d87ffcd83aa8044d10cff51e94259e290766cc669ca1abf85c0d4e710778990,30241.0,25359.85,ffc1c5f1be59dcf0e77663d92313033b473e3d61e7ee7f33d86b5ca3340b9b82,0.0,0.0,0,0,0,0.0
1,CASH_OUT,91379.93,7d25c859e6dc30a8054800f61f6ecca61cd00edb880ea9e5a97add351acd1879,0.0,0.0,58d89e23009098f59948185afb40c844d3362623e610984db40df65653619cea,1241634.38,1178808.14,0,0,0,0.0
1,CASH_OUT,125275.0,bd632f17f38141bdb4a6a9af068a729f5f2ef2a066a4eb425b0aa3ad2b6bb7eb,0.0,0.0,58d89e23009098f59948185afb40c844d3362623e610984db40df65653619cea,1477426.93,1178808.14,0,0,0,0.0
1,CASH_IN,61150.85,ab9b55b6ae373472e4f1b5889000b370da1b4e1ee3774381ae97d1fb2c35624c,8430591.3,8491742.16,ba2eed0c063c5d02cbe65d7aaeebdee181deacc3d16aa511d919ad48f5b054ef,1166393.13,2107965.39,0,0,0,0.0
1,PAYMENT,848.74,113959eb67e49a8cd1d1585cdd94b1acc3b98d6e2474ed4c6fd134cbf8acab42,0.0,0.0,b7ea401e6fef2df6ebf8f3a74676ccb80cf616f22e31158c8b0a23e93bfd50b3,0.0,0.0,0,0,0,0.0
1,PAYMENT,1617.9,a9b9c5b41cca1ee40814ee3f3b9bac84856fdb6fc49702dc08b047acf51136f2,507865.0,506247.1,75074a342001bcbf710361ddfa14fd017b1aad7fe8e389b35caad483eba36620,0.0,0.0,0,0,0,0.0
1,PAYMENT,7296.95,a66743b9431ce6db221b1e874fb8a2422fba352682caece2445404a62546407c,12853.74,5556.8,1e48745c4893e28db23535e575372daac3e8bd94bbbfc58cee808e79781929fa,0.0,0.0,0,0,0,0.0
1,TRANSFER,274108.4,361a3d34ad18db919bde497e409b68a6abd9972d0baf048832eebf1887705188,0.0,0.0,7a3400bac20ffde9e8a4901a7c8b154f7c7d55d49b8b193a5e710892017c0dc2,2062932.43,1254956.07,0,0,0,0.0
1,PAYMENT,10891.96,8d78f4bd260b7de1a82174a99d884238b20fe6a5c12d3729fcd3e3533ba3fbca,4986.72,0.0,64b069eacb600a1c7452577e90abebfcb097d472810553f937fd2eb06df10b23,0.0,0.0,0,0,0,0.0
1,PAYMENT,24495.45,063b079b8f61a42ab5b141c8bc8c2295be64454b6c7e2cb9d0064b4b1afe603e,4593260.9,4568765.44,5a9c0d070e5a787dbe7d06a3ca92942fde35080ccbeb1993b5ecfb15fd1a2752,0.0,0.0,0,0,0,0.0
1,PAYMENT,9029.12,dd639d2811b2d41a37abc543dc5ea61669f6a4a28b1aef2b7f19d15387cb72bb,25480.0,16450.88,6a494243a5c3ba8ad94680ba9ed92c41a4b7e266f48017d49c77e6b9ab37cbd6,0.0,0.0,0,0,0,0.0
1,PAYMENT,8212.99,5109c4d84c08b9c6cccfdf27ea912400c43b11badde76299de3a81e50895b9bc,0.0,0.0,fb5ebbf85dd3369066b68f03680bc5fdbdfccf278ee9e6f678fb58d42eec8a6c,0.0,0.0,0,0,0,0.0
1,CASH_IN,175443.85,fbf2ea821df700177344391a384861d0417957771cb822dbeafe313ecb1b9877,3156649.13,3332092.98,cd517d3c6fd1e67b4344734623f72938774905c17286a8404a26b61f4dae8db0,2918681.63,3420103.09,0,0,0,0.0
1,CASH_IN,764772.98,8f22926eeba2c48fcfc42a7eb00eb7e78a599bb384dbebe4712b428f9dc6f225,3946209.08,4710982.07,7ba10b36fbd62262e79eeeecb869312021ae8a1e77a9b9b559388809c0f7ab04,3056433.58,971418.91,0,0,0,0.0
1,PAYMENT,12462.9,98cac4b0b5cd7cdf08a1dea750e6983affdcb66f2038328c88ff596f1c6f2fb6,33180.0,20717.1,5bcaeabdc459c20255dda35cc926ce92fe787081778cc6a34b31b6e24498241f,0.0,0.0,0,0,0,0.0
1,TRANSFER,18561.23,2497b994bb3f58d0c5e7dc8d1104ea2375fed9b05120ec27c3b2ddc59c1b8d2c,0.0,0.0,3b37473d4fbcef1eb4b794bdf745a130e2c67eb17c72ae5590ff593346013f5f,192136.35,15375.37,0,0,0,0.0
1,PAYMENT,704.74,b2dfcc4b34cdd8128271725e3f4f83c363cd5cf1c24061a3e67c5d6c32e9ecc1,0.0,0.0,c5b889795c002e6bfbcb447580462bad5dffb7b9d1106aed9da505ba521e7152,0.0,0.0,0,0,0,0.0
1,TRANSFER,722161.86,9c9af43c4adfb755e1dc98ca9b67eb29ce59c360e639f5295649e3f8340adc91,11120.0,0.0,8d508c0ab817a9fb106b52cd0932fa3e473ffff2ace4dfbbe9863efc7a462e98,0.0,708608.07,0,0,0,0.0
1,PAYMENT,7870.29,acff217132791fe874d6a328d137943a1f9ea004ea3db19f161bb34cf22e7477,1445223.63,1437353.34,c2aec6151e2add6812070f7db64049b002cddcb89d4a624c386a25b31abc0773,0.0,0.0,0,0,0,0.0
1,PAYMENT,6577.3,b8a3f4e147e7dfba196381bef231edc3a400fa17061c6b93850ae5b0e6136446,8089.0,1511.7,7aba2ba0d1f5b64fa2e7ca7b71ba48599c0c2d10f37e6d7db6dd792042e63ea9,0.0,0.0,0,0,0,0.0
1,PAYMENT,1053.13,47d71a116ea685f60fe5d71ed16914811c0d3ebac11bb54550850b3e7ff978d5,107327.0,106273.87,3af769c8ab581015be4e1f8b7d82a19123c5afe1e311a997a7faa143ef74ab75,0.0,0.0,0,0,0,0.0
1,CASH_OUT,517915.91,b9884ed7ab057e8e3d5112d9712d93ed07fd6a7c3940a20bef4bbd2d33cf7dc9,0.0,0.0,2e62678fa62d16944469f42f34cd74d29169e92e358e8190ca978ee18c9d26be,4404060.84,22190.99,0,0,0,0.0
1,PAYMENT,4355.66,2bfee6bbd45b6cea141eea846c983b8e782de4a9ae8e6e27e4e5ed7daebfd90d,120.0,0.0,280598e5fed909e0c2c7ddc8eab04bed955426c5f55c290c6572f371f0ac6ed6,0.0,0.0,0,0,0,0.0
1,CASH_IN,193492.68,0df1a9c58eec118836bfa0cccb7836402bd8ce217e79718a2503209155191cd0,706457.23,899949.91,65271959141abede74651384428f14288e19d9a3bc3c883138918f887e552ec3,1247284.13,55974.56,0,0,0,0.0
1,PAYMENT,9818.95,10667697ead5c5701f4ffdf848fe99ad4b59317525623dd145c98d1ad02a26d3,151.0,0.0,3a50444539769844dbc9a0f0c4726ad16464370b399ae220947880c1ada48ba1,0.0,0.0,0,0,0,0.0
1,CASH_IN,383446.61,24d0037c5c303a42c917a9f4fcc4fc94956c8a5b45a4a178da0754e6d03d346f,1534971.46,1918418.07,7a3400bac20ffde9e8a4901a7c8b154f7c7d55d49b8b193a5e710892017c0dc2,2337040.82,1254956.07,0,0,0,0.0
1,PAYMENT,661.43,d4c77a28803a031e8721f252c0b28992963973a34a2115115b0e9980ab891009,14078.0,13416.57,a81e5224875665c2b72db67fbe0ee6391cd1d153a8aa398f43a14773ffd14d2d,0.0,0.0,0,0,0,0.0
1,DEBIT,6027.22,1d493299d801c801545cf8a5118fc8ea3739b923b1df9819685fddf5a195132f,277100.0,271072.78,5cc80daa350b9f4bcfbbd4718cee9333b20a5b3dcc4df21760deb7e56c23f2e7,2628937.05,2107778.11,0,0,0,0.0
1,PAYMENT,5110.1,f9cf0ba43bec2c6a1bd34e5c65681251dc762f5dd04bb69b403aee1319a4e3a0,87259.46,82149.35,76412860a3b5c6b66acaf4987593823404f749f76179019a6dea1e92fb5f4d05,0.0,0.0,0,0,0,0.0
1,DEBIT,1741.24,8d66c713a1a00541ae9905f76a6ea66f96120bdc9778ee95ca08d5e92f5e09bd,80942.0,79200.76,84a1cd178522e8de7fa9523a6eb8df685d6bc285c08af44dafd5f0b6f83a2a6c,366188.92,157982.12,0,0,0,0.0
1,CASH_IN,145095.94,237d7cca585f59a75018a82f474e7ba1c4740682e0efe727a60d379f9a2f2688,1918418.07,2063514.01,56cea2a516c83ae963ccdef693077d96512606ad0a5177f7675c96b0e9b03c90,1187275.85,1186556.81,0,0,0,0.0
1,DEBIT,12872.92,166ea97f2f42993ad318cf7ff63ff7b5bf103bcd2db5cfc8208035db8496b18a,11197.0,0.0,f2e43025d145614fae11d0f003f6267a6b14500ee18393f32afbe0df8a85e26a,51885.0,0.0,0,0,0,0.0
1,PAYMENT,244.87,98ae4171ef3dadbbe4f9ae698147a3ecadd7139dabb4f5cdf5108bc43cdc4811,257978.49,257733.62,436d51916fd59753fda4f138c53d7a88bd9504ca1842debffa5d865799b8e3dd,0.0,0.0,0,0,0,0.0
1,CASH_OUT,562903.81,697085434ad85ae41e377e77c9691a5cb7eee7d143531ddb41585e9e657fb5bb,9045.19,0.0,d1f3489c3c128e018de4da5df71f88d6c5ea4463f7e7ff787d635da2d17e64ba,564519.9,1517262.16,0,0,0,0.0
1,PAYMENT,32643.79,e6da388838d1e128fda2bc976979d2342a3cbb907c898f888b332b3c3f7d6cd4,0.0,0.0,982f059b95794e19d978e392854d91a6029dc59ca545ad4db91286245758b2f8,0.0,0.0,0,0,0,0.0
1,CASH_IN,277807.48,3451efc1df594a5faa5216b4e7f138eb4b6bc8421da5d45d9dd1e29e26f504da,6810067.99,7087875.47,65271959141abede74651384428f14288e19d9a3bc3c883138918f887e552ec3,907460.33,55974.56,0,0,0,0.0
1,CASH_IN,334234.39,280380ff4aef7a40acdbb445a636e92fb831750a02f7d99f001bfdfc51ddb50b,5738894.62,6073129.01,a20ca4f7ec5bd18bdb5ead3896520013615a6b157ba14103055b9604b1241377,358867.35,46462.23,0,0,0,0.0
1,PAYMENT,6128.41,73b8a3c5ac4e22343580620d420e32782676373f2ce1be62d8fb54161106b45b,91737.45,85609.04,0dcfc66ab3e1f0c9922c89733024276c03d44968524f45f715f9083875bc7090,0.0,0.0,0,0,0,0.0
1,PAYMENT,3418.07,8ec511c87ac142f4357421db95d6883c1540268be45e448087f4267df897c841,260.0,0.0,6b7ab61bfb49b546964ad881c4e4644771c0f2b7902b9754eae6c9e3f50bc3a5,0.0,0.0,0,0,0,0.0
1,CASH_OUT,14121.82,5d753b0876a555c4540319e87f2c18911154a8802add04b34e191860ab5ee3d7,0.0,0.0,596da937eee9592cddba99a4d835f5beaa9968cc01fa1d51f49c2fce854d178f,52679.0,10963.66,0,0,0,0.0
1,PAYMENT,7017.21,ec497b2733342db3e64acd993c5f2e98520d0f6789801d3713a7b9556948fadd,23279.1,16261.9,29a9d01873160e7c2b8fab55307a4fffea6bd0045a2064c1c0166e912ea82b48,0.0,0.0,0,0,0,0.0
1,PAYMENT,21820.68,ec74d5f2629b268727b67d94ae40675c4f29bc156fb7f238b792d69d7d2dd4c9,0.0,0.0,40aff169d6629bad9dcbc44a5e151d537dd75fdc0ad13c998437b741b8300992,0.0,0.0,0,0,0,0.0
1,PAYMENT,6099.96,107e89afdebe76e796bf7d74dd4f9bb20ba87395e14fe01620be137a9c7ab6d3,42133.0,36033.04,a03051246a6febbe94a77b7804f03bb6aa9445dad1c2ef3e7ec15e80aa4158dc,0.0,0.0,0,0,0,0.0
1,PAYMENT,19644.08,0c34fe1488a6bf41fb48e4fa7b6a5c555c6054a17d16dc9b2c0e7b45a211151e,76008.06,56363.98,c15a9b9d04ec9fe3ef8eb1152a3b930ee56015082a2a9c45dc98da557c89cad6,0.0,0.0,0,0,0,0.0
1,PAYMENT,624.61,2690f0304afa8cf61d1612e7102e828ed3eea1a4453ba6675f2592d02bcb51e1,52594.0,51969.39,908d653d99d4f8f8d42e45c3ac51c77f1f55a049f30b4cbb9a2504bf452d667a,0.0,0.0,0,0,0,0.0
1,CASH_IN,839300.36,8f736e29614029d4ca5d037f7abdf1a5e9ab6a07ed2165a84c425f19869aab31,4776368.76,5615669.12,b9e5cb8e32a1ae2d741b60236770e9912b2d73dd3cc10b8f711b8c99fd7c3911,2383291.2,1412484.09,0,0,0,0.0
1,PAYMENT,6380.75,558be85e616d336cffbadeb3dbfa44710bbb6bfcbd16191c1d7fb3bce103d0a8,31788.4,25407.65,51271fd8b48120ab665efee988f329c91963ba06d91a6892b43e4818241bde16,0.0,0.0,0,0,0,0.0
1,PAYMENT,5371.1,ae65e7ec6634f072759d5934291bf7cf2b47cc4b427d17dd7499a8f589c628c6,14805.0,9433.9,cbf67900ab447fc137998be5b32891433bc6ba70f7908943213159b0cde999ed,0.0,0.0,0,0,0,0.0
1,CASH_OUT,109732.52,29e5008225db1340f68dbb77edd2e798cd2e4a6b154c183e208be67127d06f3c,0.0,0.0,e5468c548627f43fd33eade9789e5dc6c363fdae8b7870c5b1c77f2736a50c92,8244985.62,10700000.0,0,0,0,0.0
1,CASH_OUT,38428.19,49180cc4471f5f8bf6d56d4eae77b1192cfc4d0321c50d17e26fee0d2d7afc31,0.0,0.0,719def01d970dd7bbf9fe0b03afd00b26a4f727427d483be26c65effa6c083e5,43524.89,122750.49,0,0,0,0.0
1,PAYMENT,3626.96,87ba2da0c2a2949dad194163f6082e16a3ec4740412b932f17b20a0d20ad71ac,23506.0,19879.04,b5c5bb6b310ad6b0099dc35662a0ce495b20b00a1088ce8a3ff378399423150d,0.0,0.0,0,0,0,0.0
1,CASH_IN,135327.21,8adbb33a9ce619d618721bb0740db80163fc98cbaa5e2eb11827428f49773199,6661123.62,6796450.83,55bd6953477eb873b416490eb5fcf90a468f3c3fbd9b7639078f2ab42d0c87d0,368697.57,233370.36,0,0,0,0.0
1,TRANSFER,2317408.88,ab01c56e9bad97ce909e8afb00aff6b968f9383b25a495250ab7100e056bb471,4165916.16,1848507.28,857b79f9b35cfb8177c5e4148f15ee21d99203039f728e50373bb2116d298c00,14400000.0,16900000.0,0,0,0,0.0
1,CASH_IN,92784.06,8112a30c188ee057aea2d5e61d8cc2ed188fd90a46912d05676984ea62d06521,3042194.68,3134978.74,f8b5cfd2c7da8dc04fc348b3c204088374e8632dd84e5ac16dbf33ac4008bd2f,119296.99,22233.65,0,0,0,0.0
1,CASH_OUT,84051.0,df1ddb1dd6f21b40a84f82af45cd8c1d4f808918165abe6345f58df7b66c5b50,0.0,0.0,63bcb08a3a6779eadb8d52f783844a2d527aebed19c9da274a71991e87e45b12,89583.69,67268.02,0,0,0,0.0
1,PAYMENT,5272.81,673bd102911bfdca250bc42d0709ab176ff5d92a048e834c5fb9cbe9ec11cefb,30072.0,24799.19,ea7e81dd9bbc043999861231cf32c91cbea478c3fc77e23823fda3bafb1a4795,0.0,0.0,0,0,0,0.0
1,PAYMENT,320.53,1c696b97074f04a537d53abcb8ee07b28cc18927bf37444d72bd329827ab6dfa,16482.0,16161.47,c8efe4283b92a2aed8081faf9267604844b91aa43c6cb09e84040bf2aa432707,0.0,0.0,0,0,0,0.0
1,PAYMENT,950.25,e83dd29eb216e945a7c8ff6bb78fb2296502db8fd9d37bba68c953c05abf54d7,204944.0,203993.75,c56189f4a4f2694ed8b21c2bad7e01abd42637f9811bbaf3033d8e747604a2ec,0.0,0.0,0,0,0,0.0
1,PAYMENT,3383.61,2a4a1dd68b0776c94dc484a30629b7587ce79f2b97a38b2a1c503168a3e2baa1,0.0,0.0,a00846def4800a7a05013117a1823256d9998c85fb0fec3494cbe60bdc2e5377,0.0,0.0,0,0,0,0.0
1,PAYMENT,11656.12,0d1befd1c59ed3f18560821ae437d8b0254d7e48d7387ec9402ba6d9986cffbf,10181.0,0.0,3b60adb179582677c6b659af611cef890c216e592e8c18498c25b5399087732d,0.0,0.0,0,0,0,0.0
1,CASH_OUT,124832.65,ecaa041c51c0747e4f759f42deb5e8c2296ae52ff6f9d99f7d9e131056f01f5e,128.0,0.0,9e2f4970cea47dd8c158dd984ebaf051c850efd57bb4774456c5d8e2777a965d,4795.0,122027.28,0,0,1,1.0
1,CASH_OUT,280877.92,27fcdd33677d2c314e629ca05a83579d5ad793c4e6b85c0a486e7a6565628b6b,2188.97,0.0,567dd3925d1299e31ebcff60842a2668dab1c5a588b9ce2cd7428baf134a8168,462914.23,16997.22,0,0,0,0.0
1,CASH_OUT,154611.64,4d2f55088edcd618e2a6a3fa63a86617d19f0a361ce7794e2e5175c3c11c05e6,0.0,0.0,01c80ea08ce5e98d332ccef164fa77f967cc2d628cee796abce27e23c7d7bcad,544383.38,897150.84,0,0,0,0.0
1,PAYMENT,3673.1,ce8f7325e7eeab97f59a3e2449874b0268ae2a4aa113cec134cedc4eb3b73e03,30507.0,26833.9,878845b0eef6f63a7544616c9baba155021e3531730a7f2ce752690f3a4e56c7,0.0,0.0,0,0,0,0.0
1,CASH_OUT,139754.72,724fb6d892679cbd523f02334ac4d4337a12f13cb5d352f143585d0e05a146be,6000879.7,5861124.98,3eb6d2fa0a2a17ce28bc97c22ea410c01beff7ddeaa3a3d06733dbbbe9947ace,2474475.78,2719172.89,0,0,0,0.0
1,PAYMENT,23069.76,32dfd7d8abb66b592571a3f2cd536a1c075cc88290eb2eff9db2724f70d09303,0.0,0.0,79d9c05c6ee9a9bf91b0090f4393c757e9bbc805ca2978d5b4d35ce9134e817f,0.0,0.0,0,0,0,0.0
1,PAYMENT,8531.42,1cebe8de21f6686898ebecf2e80cde22cd4fe76020d836253c5ffea02aae976f,18961.11,10429.69,c040a4ee6b0e01dd15da0782d4efba60a7c8f192ff6d84e2e93256f937ba7de4,0.0,0.0,0,0,0,0.0
1,PAYMENT,6969.67,4a65cb5b2310c4a8b78ebb4128159f5757cee405fa98081cea51970bccc51d4e,61091.0,54121.33,6bd7ccd8fc3f2756fc0edbb8ec5f29c923b5d857e4bae5aa0b90569f865d96bd,0.0,0.0,0,0,0,0.0
1,TRANSFER,96757.4,a2731c5909e4f7fa0b802199e96cd3a5ec29b19978bc3e9fec3b9fe8b9eed12d,0.0,0.0,8acbf1519fd025bc19899997d54e0c10ab15986d42b2706c8d7a69fae6598a03,3117323.21,3554299.27,0,0,0,0.0
1,PAYMENT,2204.04,a500b58874de2fac5168ec96670d710c4ad8cb6198a5a2d6bf9afbddbd310c58,586.0,0.0,00dcd0da3d98ba020fe2ce55e3921e6a07843e1a615fa204db39fc544c725334,0.0,0.0,0,0,0,0.0
1,PAYMENT,2850.6,c11478b1636c4dbd81e00bab5d31768422e98cfcb9c330c1b2c477bb84a5ddbc,51550.07,48699.47,a2c1656898976eb7cdaf275202090878d64d6c509183eb73975c5f4f17cf0f41,0.0,0.0,0,0,0,0.0
1,PAYMENT,879.42,be23655d778f616cb8b2a59015ff82f2f19cc5c32456ec37b1bc3f2cdc305859,115582.92,114703.5,cda12cfa93e0d510a927ffd1fc00a463d9ef316394d9710283a01f0d192bbc83,0.0,0.0,0,0,0,0.0
1,CASH_OUT,422125.99,78b58defe902dec60d07023e35ddd4e1f178d3142258798404e3f8d198bb0ac9,0.0,0.0,f779183b93983e614efbbbed7de57d20e9db26e3ef0f23a76e78dcd8e4d0c3a5,2218454.85,2444985.19,0,0,0,0.0
1,PAYMENT,7506.65,041b6b07bbc5dea863160e747c44f34a8db9ebce8fb11b6b32d8e7b4a181decb,13860.27,6353.62,1b31b48a43931cafc3e09dc6f06d4fa4946b9a8e56cf36c617d9581b00d2d81e,0.0,0.0,0,0,0,0.0
1,PAYMENT,1902.02,3fb46e9e5e03f0762f0bbc7d461cc261fbd8545f72f20fcc09133b0eb7c25715,176112.0,174209.98,47a220c1cd0cbaa0e7ec3f6dc2169fc173192a95123ddb273d92dec3b08b4d11,0.0,0.0,0,0,0,0.0
1,PAYMENT,8264.22,c9aca90fe4dbb9a1237b2f8fc9c9d9d37419beeb6ed23e44b414e0385f9aa1b9,172650.0,164385.78,d121a82e744d4cfc08d1a1cb2513930764001fd5cc3dd5c3c4352926e24940e7,0.0,0.0,0,0,0,0.0
1,PAYMENT,20560.86,f48638e5d4e8cbd557d6bdfa13b53c92a5651dd55a27733941f258e690df4790,0.0,0.0,17d3b1eadd284262cff3c88e58ee6085ac8cb6955ad9d2b4e3f92fa0599c288b,0.0,0.0,0,0,0,0.0
1,CASH_OUT,105979.34,a1d629a05b39b75d18e791af2966dfe1080cd4ece354f6fa7fc692497830f99b,0.0,0.0,fad8a26441aeed13435001cfd2f892c2e310295c63284b257b35fd5298ecb635,435962.9,46820.71,0,0,0,0.0
1,PAYMENT,3801.74,a55f3a2a52422eabab1c97db2ee9c12ce0f8acdcf2ead0f8638d38b6468f197c,73616.2,69814.46,f5dc764279940ccdddbfde7e76c1d96d8f3ec2552e94a5d1f762f307034d882f,0.0,0.0,0,0,0,0.0
1,PAYMENT,6811.97,4f226548695b796bbc0c223f884a9d3aaf267ca29424a410212237eac176e14f,81564.0,74752.02,f44700070c6e74c9b93978cc78e2d7de44932a2c90c5289ff6cacdd85a3872d9,0.0,0.0,0,0,0,0.0
1,CASH_IN,60503.37,efce52e598a8db4bd491e723fe7b9fc3b4c8eaf42af264c7f2ec8ec980b6303d,18465.0,78968.37,005a5a3bb97b156b4043d9a2bccb973c393cf514b299397d3537668e02355e43,55118.2,0.0,0,0,0,0.0
1,TRANSFER,19772.53,0161c8905326f201e653390c602e1019f1443b01d3ef9a09df20c94b97afefc3,0.0,0.0,5820f270dad7fa0b744de83831cce7d1475eda3c8719d59e9a5c0929a830ac0d,44486.99,64259.52,0,0,0,0.0
1,TRANSFER,272709.33,f3d2c14fc8fa00f4b1d39af7f141f70fa557b59ed14d97f0c10ffe344bdc868a,76067.0,0.0,8705c801bb7108304f8bc32338690de08844a7e537a07e670a0ce2944ef5567e,0.0,158433.78,0,0,0,0.0
1,PAYMENT,2734.77,d28c119fa69c6f63fb034e4013be1f2edad3fb1462a4c7066746e7a778a7a47d,4511.0,1776.23,334380e4a968ab92e86441e1ce2442b2567d4ef9b2201f630567f4f957d10b83,0.0,0.0,0,0,0,0.0
1,PAYMENT,3876.41,b47aefcae5283a5ffeb5c6598405184885ebaf0e69f12a6ccf8c2a4e0e51d2c5,67852.0,63975.59,ee5d178e2a45dde28d7613e265a1f78f711bbe85a977f7eb6fffd53af331f278,0.0,0.0,0,0,0,0.0
1,CASH_IN,128022.19,3a6fd5f6350047ec1ae2515c3611860f73d3e4d8492cef5f120c169df5b35463,7430051.5,7558073.69,5cc80daa350b9f4bcfbbd4718cee9333b20a5b3dcc4df21760deb7e56c23f2e7,2756959.24,2107778.11,0,0,0,0.0
1,PAYMENT,2599.46,1d5c6a8374db2206cc940ddfc0accf606c96a9600d306086d9097b4518d80bbb,874042.26,871442.79,cf01e98b8a971046fb2438d5e2f384536e8ec8233180b01be6b12146305f9db8,0.0,0.0,0,0,0,0.0
1,CASH_OUT,286737.98,9289160957739a0861acbda27d1a3c23cfc67fbae21afe7c2abfe4f32be5c416,0.0,0.0,81446253989d920d60abcc41c8d2c0112c34052487f98b465c9db650a0e4f565,10400000.0,9940339.29,0,0,0,0.0
1,CASH_OUT,191702.06,697457d537cd49796c7904226786bc82218c9364027ba8a8ef828c12bbd6cd62,0.0,0.0,7ba10b36fbd62262e79eeeecb869312021ae8a1e77a9b9b559388809c0f7ab04,272624.5,971418.91,0,0,0,0.0
1,PAYMENT,3129.06,49e402a441704cf4a50862af4e9313deea7412908b8809d10968d52086a2c6ff,9690.0,6560.94,dd8952b91e28bbbf7767d08d8a87610e63b473ed36573651f080c3ba0234c2b8,0.0,0.0,0,0,0,0.0
1,PAYMENT,31188.22,d93dd21fde7004e351b4c19194592326089514a1da8f79b75bfd4a84011d4d06,47827.66,16639.44,b8173a5a29b8e7617f05eb7ecd307ac5146f62976c836ff25991bbfa4297e6fb,0.0,0.0,0,0,0,0.0
1,PAYMENT,9463.48,6b07d5c7427109c7a810f910b7909a18ac461e518a04443b6f6adfc8369ce715,0.0,0.0,10c4ccdec9359b0471ed31a04f25e8fdf153d5c42fc988d59e6b354475f68aa0,0.0,0.0,0,0,0,0.0
1,TRANSFER,53783.57,07fc469c1212b4e9edb27be22e4a59a1a89deee15c448a7bb634e564e3f5de6e,0.0,0.0,98b99b9129541a7f21ebf4f89a3ac7337166f44f344587f970db5ea74dd8202c,75514.0,420946.86,0,0,0,0.0
1,TRANSFER,259096.62,b3bc46fd5ef5b8ea3699f1ed1254248643dcea45cd6ce6ca0628d26547c5ca51,37079.31,0.0,ff16b499bac0b0c6e31303254bcf1c7cf6dd76568b77766a4dfc8b1cf5d2fa52,272725.11,353532.56,0,0,0,0.0
1,TRANSFER,345698.98,b660e36720a24eb7d34c31479f7daedc5b3544948bc74c6fe5694d9c93709b13,40419.0,0.0,84a1cd178522e8de7fa9523a6eb8df685d6bc285c08af44dafd5f0b6f83a2a6c,20489.94,157982.12,0,0,0,0.0
1,PAYMENT,8539.76,56af52734aae58171cdda4f81b43ef9222008bc37f06c7ed2ec3ae5ab4b03965,182.0,0.0,484e026ae778f41a7f3bff9ab46fb40811ab42423bce78de5e2cbecd810feb8a,0.0,0.0,0,0,0,0.0
1,CASH_OUT,36437.06,2e403d8545b97ec3903ab26dee071c7685194c50d697af465e61e5d562fdae12,0.0,0.0,4572f5ebd12198228c10fbe28b9986f8d239237bf1682b94214574064777d2d6,154606.0,1363368.51,0,0,0,0.0
1,CASH_IN,84980.31,3273e7d25eec9ab82bfb120436f1f9b211420490ddfd6c3889d6fd4656d2781e,2641780.43,2726760.74,ff16b499bac0b0c6e31303254bcf1c7cf6dd76568b77766a4dfc8b1cf5d2fa52,165879.75,353532.56,0,0,0,0.0
1,PAYMENT,6660.33,03899e5758f10d8036f54ad30f06f6eb27cebffae4e265c5f26acfabce6047c8,17710.0,11049.67,08c2c635cc667f29bc2c9f763a35f77c276a8a3de5420e115f3727d0df420d18,0.0,0.0,0,0,0,0.0
1,PAYMENT,13427.34,65bc40ddb78c90be8ad4ff437affa7e478318ebd1ab58d149e909d128c4f187a,102672.0,89244.66,3be31fc63d2c28af6354b48aa07e93f95b89b57bb8a33fd77bf4c3abc04d4935,0.0,0.0,0,0,0,0.0
1,TRANSFER,75752.73,75e507edb9bca05c896b7fe325ba6d9b14a1d54f232bef22341e9ecf5dd89005,0.0,0.0,3da3e8a61d16755b528064ff355e6825009dc0412da289ff097eb739cdf11fcb,372141.66,97263.78,0,0,0,0.0
1,CASH_IN,349505.89,face4817ac28cf1abdae790353f507204febf3df8907ce682d1422b7d9204b0b,7330235.59,7679741.48,9a3c6dea000031b50472b0686f6b7bf8dcafbfdd59dc76d85398fb59a9b6b2f2,17000000.0,19200000.0,0,0,0,0.0
1,PAYMENT,871.75,b685238450cb6a992590152996963c6300199a9b1b20e594f9b1f2a88a94e426,19869.0,18997.25,58f47aaa8041d50bcbe2d3c9d1380097b1d838eb227cd8b66dbb5670321d3e5b,0.0,0.0,0,0,0,0.0
1,PAYMENT,10142.56,95bebdc73599395aa40d7d691972e59a17b829a86c6ec3e3763d32861cbbe029,45914.0,35771.44,d66c032cb4be03fb8d8ed715d07641fce88cb7cb82b3c878a37399c6d1e4872d,0.0,0.0,0,0,0,0.0
1,CASH_IN,65912.95,557ca9c21c7357a0458d37e275f825ab89e848f7e9d5ec0abe5bd62eaa197225,640544.28,706457.23,fb0a7ca92bd5c6c7a6d5a7679935d93bd02f93413b7ecc2d8fb39ac4fc72202a,104198.26,24044.18,0,0,0,0.0
1,PAYMENT,1982.04,22c70d54b1805d74ab93e661ce4013f1639fe124f474fdb2d27c8174954681e6,534.0,0.0,9ecb6b6550a43a52de1b683e51928bf1e428ff47c9bad77a93bdab3803a5a016,0.0,0.0,0,0,0,0.0
1,PAYMENT,2278.19,b3bd1b859cef0cb2ec845740d700685c8e9176f3f4f80307bcd6eee0afc3b1d9,290.0,0.0,f182129d8dfee17a37dfb3dab6f01f5e3573730477a303feaf7928a022027ed9,0.0,0.0,0,0,0,0.0
1,DEBIT,5423.28,0a78fb304a1059afe6f359732a2082823f10e5abc7830b038ee81d4cf8a63478,20281.0,14857.72,6ed5609cc41057631d60f6bc37f78fbacf7bf9e3569e2a9724b7620a6fecbfae,11523.0,0.0,0,0,0,0.0
1,DEBIT,3269.72,77047a87cbbbe10f0fec82f72c4d4416e933201f62e4cf439fcd7ef8ec9685ce,22906.25,19636.54,f31982873f1995e738f3fa3a9fb01935f96959f6e6cdb3010f46cee28d1d12a8,25808.5,139915.18,0,0,0,0.0
1,PAYMENT,13288.84,e1b4e538c11157e535b68dd2de3e8209112c82eac32e4b7a33f771770a126efb,21745.0,8456.16,f96e9b8f5a4ad4404b2cf9279a89eaceda2335fd269a7f2b58e576e94c3af071,0.0,0.0,0,0,0,0.0
1,PAYMENT,4261.17,7babe480efe7d1a5d86f8b55c21ca5d75b06f61a23418a2b243f0bd1fdf85afb,4558.0,296.83,640d9a93199d7bd8fb78bfb2248c23e8b45370a7c9b42c43ddb1de31febe6aaf,0.0,0.0,0,0,0,0.0
1,CASH_OUT,195490.04,cfa32cfee36ec89d4402539c45e94d3b7ec589548a20b600b027ae1cdb79ea7a,0.0,0.0,7a3400bac20ffde9e8a4901a7c8b154f7c7d55d49b8b193a5e710892017c0dc2,1104500.4,1254956.07,0,0,0,0.0
1,CASH_IN,45317.95,1335161c43a87128e5215b3451deea48e13faae59d941696085265d199d6780c,1815890.48,1861208.43,52e9b7a2a0b49d106975a9843e00537b87734dc62dd553bc3e550a3355e363b5,99578.86,0.0,0,0,0,0.0
1,PAYMENT,9247.18,3ad6498dc5f22d980cf5bb01645065f2e2d5f24f6ff4fc8d0aa248e0d471ba41,5582.0,0.0,053884d4fa0f4f9da8efa42d761227653fdf2b1b52f1d40d18a4b5d60ff6edaf,0.0,0.0,0,0,0,0.0
1,PAYMENT,5430.53,4cf51dbc6b6e6e8479078172fe5b600039f52a05b5e803400007445015654636,12096.0,6665.47,ecde186fef8829ceba251fa4dfdbaaccc267c2b76f350ac3fc671153f49b4d21,0.0,0.0,0,0,0,0.0
1,PAYMENT,11438.39,bae842851d6fdec4dec5e3851834c1c19e4c44a66b321216484d02ffd238c065,0.0,0.0,d80527a0fd9347fd8ddf51d0393400596662a3f1b5d05de50241e580fc9b33e3,0.0,0.0,0,0,0,0.0
1,CASH_IN,90956.1,855bc03d9a6157eb85d9d10075ecc8e1d88eaf51b78d9f5cba9c20a55cd5b3af,265319.13,356275.23,21fc25b55a650885e76fceffe85765e7690414ef0859d736cff5ad885a22b1ad,99452.72,8496.61,0,0,0,0.0
1,CASH_OUT,68662.06,c7eb9813da07f32c218d31b6573da47e5ba8c2ffee6a9a01e622e41be536c536,2083.59,0.0,4572f5ebd12198228c10fbe28b9986f8d239237bf1682b94214574064777d2d6,145843.39,1363368.51,0,0,0,0.0
1,PAYMENT,9314.84,dc1a903436c54c99660a3c8e26f84546080ef77e1cac398ff9caaf6c0166d1ef,104536.0,95221.16,fe0e87cef54b18115bde038f05ec59c61ce5bc9b22dab4f5b585c242aceed0f8,0.0,0.0,0,0,0,0.0
1,PAYMENT,5778.99,323f256f50f0d44dabc26263ef4259fc44c5d539b37e6c0bf513ee1440d9f26a,0.0,0.0,41bfeb0460133b87b2a4ae89fa9c7aaaabd26e83606877db214f90d2cb6ace01,0.0,0.0,0,0,0,0.0
1,PAYMENT,6165.58,9b5edcb27606922c72ec7ff5be1f8a512d5fc3f67bfaea340d2bae6ad39280e3,20925.0,14759.42,d6826dc958afb77318c5897fd71fc600665fd9aedb5b81b84b310457a076a455,0.0,0.0,0,0,0,0.0
1,CASH_IN,101669.17,3108385657484357ee3971b42ce865106aaa65cb2fce517ee2c9a499e966e95b,3616113.18,3717782.35,16d327e7a214927ef84e2ab6dbdc3e692801dd8746bcf17a26f09c4ecc239454,533625.81,2025098.66,0,0,0,0.0
1,CASH_OUT,26051.33,0caa8d6aaba675f49ed4424de72aa377e7cd0d869abcef7166b0f34067123f7e,0.0,0.0,f4dcd715bffa14ecab0ad87aabff9ae9a5840c5e52897e41111f540396c6ab34,28479.11,1891.79,0,0,0,0.0
1,TRANSFER,548288.31,390833cb18c33b58ad149c51ad43732489ba8a5fb594df0ae9d6d637796f6b5d,0.0,0.0,857b79f9b35cfb8177c5e4148f15ee21d99203039f728e50373bb2116d298c00,13900000.0,16900000.0,0,0,0,0.0
1,PAYMENT,1439.72,862397e4713d86ccd044ec416a7e2361f7b9727fde6ba47ca706ddea4835d37c,2102.0,662.28,513e84b50f47fe8ae2f8d40a2d10b64b51ff0c09ce31ea3ba87c7dc5bb0e6c28,0.0,0.0,0,0,0,0.0
1,PAYMENT,6146.81,534ccaad35f3302bb1a8f0bd7f4c7cda2c9bad759513af9a3482fe485758277a,123877.0,117730.19,56df50cfddb3aa75ea541d1ba56f8e7f96b2750c0dedace7c076aad66527d01d,0.0,0.0,0,0,0,0.0
1,CASH_IN,141131.23,a923b68448e1e05cb5405ce565a3b4e668664b4b5f5452207ab437e18eb00e55,2277937.72,2419068.96,7ba10b36fbd62262e79eeeecb869312021ae8a1e77a9b9b559388809c0f7ab04,1419464.36,971418.91,0,0,0,0.0
1,CASH_IN,38366.56,9d68c323cbefb7c608c1744352277d6379e85dc580c62e1a65d56e4967d334d3,65466.0,103832.56,82428664ef0b49a77a8a4c9fa6e2c8b52589a39cf3105b9d51a60200b31feea8,26686.0,0.0,0,0,0,0.0
1,CASH_OUT,152757.58,c66b5ab194cec09d6a11a0d1d0943ba81b7be9c0a1a53d1bffad9a674e34830f,0.0,0.0,3889a8462cecfe1c087bd41132df8b09bc44013be304ebbea79eb9d34865068d,8356019.04,12500000.0,0,0,0,0.0
1,CASH_IN,229982.47,f2a660d82a74957470edba2a55c175d273d0bac34df1f812ed0a48ebd2da0d32,5927754.53,6157737.0,7a3400bac20ffde9e8a4901a7c8b154f7c7d55d49b8b193a5e710892017c0dc2,1727562.92,1254956.07,0,0,0,0.0
1,CASH_OUT,114499.14,851d4162a869ddeba1d6ce394b5ea79a296f91ff2f7959ac440959580e70f7eb,0.0,0.0,98b99b9129541a7f21ebf4f89a3ac7337166f44f344587f970db5ea74dd8202c,129297.57,420946.86,0,0,0,0.0
1,DEBIT,3269.57,93945bfa62b81180de36fb5399b84e5d26acaa4f9cef6492b6b82336fac74d37,57324.0,54054.43,e1a5ba0090c0d630b8868400812a855b7ebe9042ec94ecb78ac7f67f9a65bd85,20445.0,0.0,0,0,0,0.0
1,PAYMENT,15751.26,2fe734e5c72d08202ccd030051b640b2a7a79d52decc138d13ad5c246b36f3ae,24134.55,8383.29,4c5e59e5100e5c8865df353c5a1298770a8274e98bc90127a02c437288143f92,0.0,0.0,0,0,0,0.0
1,TRANSFER,80333.28,cadab83ae3b0c891b2061b863879b47348327b5d67b3c20bf968463d01ce60b8,0.0,0.0,35881da078acd45de1148e173797842ddb060a29aca695dc2eb686bce7eb159f,321592.98,277515.05,0,0,0,0.0
1,PAYMENT,399.66,5a3e1f66a5ea22932b7b08ebfdd2ec5e19ff637494bbabefeaeacfb94792686b,153760.0,153360.34,01f29c68cc089e16f4818e1b614e3980c33ad1edf5419a90c5a61d5653f4cbcd,0.0,0.0,0,0,0,0.0
1,PAYMENT,3758.16,1ef6abfece7a41fae0ee0bc62c6ae20a6ce80169c2de8e9be877ca1d01f7e76f,4597019.06,4593260.9,2fd8b1f23240e4a00ad63231ae36d02acb11c0ff360c12777b51061afc8a7f34,0.0,0.0,0,0,0,0.0
1,TRANSFER,42712.39,099a73d10dd2be9ce6e95f8cd0acf90472e29a1a24ab9b2f65e9bd052ce40b00,10363.39,0.0,fb0a7ca92bd5c6c7a6d5a7679935d93bd02f93413b7ecc2d8fb39ac4fc72202a,57901.66,24044.18,0,0,0,0.0
1,PAYMENT,1532.35,031129fc1b4395602ac8033c8fd8732c5628b7738ae4f17e97fd56d74d75965a,1346597.6,1345065.25,a8fa0bdab17f32019bff2e906e5239597543e72c645432b8c2c30f80d9639728,0.0,0.0,0,0,0,0.0
1,PAYMENT,5885.56,4252b2cb9e3d2eadc104cf188bd0d2616e3525221025fbb47fc487c8cb5b4233,0.0,0.0,f5f0299df5f7acfa75fef8c4587918fe5a7f3f8a61d3763008553caf52c2a72f,0.0,0.0,0,0,0,0.0
1,PAYMENT,7641.08,de4f768740ecb5b34786ca11b26a63df6c09cc5bc973fd273156dbd1300d1934,55468.74,47827.66,3c34cc1cfe08bcb157886496ba9abcca3bd79a217f6f36bccd8ca1f9be5b19cf,0.0,0.0,0,0,0,0.0
1,PAYMENT,150.07,292560add2279bc3dbfc5f3bf309f6371f0f38eec72165afc6cbe69425be4e2a,1955143.11,1954993.04,1a953e431537e13f34517b9cdab4be0946b22d67e88827d719b165f79e267d9c,0.0,0.0,0,0,0,0.0
1,PAYMENT,1380.95,71834ef3c777bc0305182bfbecbc8a76838cbd704328cf6c2e097698f645a6cd,32860.06,31479.11,0dd5f4809a10a4a5940951cc975b4c49ff2196ea3e8ca317fc0bb37bc50b5339,0.0,0.0,0,0,0,0.0
1,PAYMENT,18781.84,53b1ad9f63f796fb643941a4e7e8b78d43e0c6348bd82acd92613e4b3f5e5f20,7661.97,0.0,7d8020a7f40720868be4154e38e4e7609c31e758a7d7f25fc6fa58e01a1dd0ad,0.0,0.0,0,0,0,0.0
1,CASH_OUT,47913.58,29bcb6fd7076fd7b03560691c89cdeab052761d4fefb5cc7eaa1421a4c043692,0.0,0.0,b47af928b05d32ed56df924a90de72340b1f1a9cb137c5ef98233f4192a6827e,51304.0,0.0,0,0,0,0.0
1,CASH_OUT,89962.11,42368a29d680db1aec69ea1f6f03fed7c81b3192a1d5b76c8bcc398430a8db7f,0.0,0.0,b47af928b05d32ed56df924a90de72340b1f1a9cb137c5ef98233f4192a6827e,157012.19,0.0,0,0,0,0.0
1,PAYMENT,2063.77,1606d22edff1e06981858c8b762963614c4d73879668f82289d1a696739be2a6,16064.0,14000.23,909a18d8d1eae9f920393480927a00479e25c0afeffca99af1859ba782071787,0.0,0.0,0,0,0,0.0
1,CASH_OUT,65521.42,e060c662205225dbc7163f5597566ce4c392128c5c25a80ec8444a8b44ccdfd5,0.0,0.0,97a00c1ab7cba517e3e9c921a5ffbf45a1b5ca84e0554dfa83cc856fdf7ab2e9,93337.06,0.0,0,0,0,0.0
1,CASH_OUT,251241.14,d40da49b6a780ff691ed07222d321dedd391d677d5cad99aa62608fe492ce3c4,25534.61,0.0,84a1cd178522e8de7fa9523a6eb8df685d6bc285c08af44dafd5f0b6f83a2a6c,523053.03,157982.12,0,0,0,0.0
1,PAYMENT,2011.81,91f42d1a5891f946419eaf0fbbb2285fea9c0ede12a61ad5c53a9575d52f4c1f,34672.0,32660.19,2fc3ebd53ed0917acfa7d1194b9b3164b3d44635eb01a5aa032a040c77ac3226,0.0,0.0,0,0,0,0.0
1,TRANSFER,1478772.04,dce8adeb9c1b2a03e27761dc42f998191eb1f423d552ac3db04df10843cae0d9,0.0,0.0,2e62678fa62d16944469f42f34cd74d29169e92e358e8190ca978ee18c9d26be,1652668.12,22190.99,0,0,1,1.0
1,PAYMENT,3611.72,ac7a6717d544a3d8b3c07c7613223667c8aff8ae94c0af1d45a8f6c91bd59771,3708.6,96.88,a86334d5483d8fd77a12d0041aef37e3b77581ae44b67a85a5d7638bd584dd54,0.0,0.0,0,0,0,0.0
1,CASH_OUT,155122.86,9375059f0d18b5075d004f82a70117f4448ad3af02f78ba819eae28db40f912d,0.0,0.0,84a1cd178522e8de7fa9523a6eb8df685d6bc285c08af44dafd5f0b6f83a2a6c,367930.17,157982.12,0,0,0,0.0
1,PAYMENT,8358.81,73b9625e6bd6f23f4e31913c5b2e914e3a681e4fffb8b8e1685053837d880114,3467.0,0.0,71a91753afd9487605e1c8d1eaad3f19a6f7baafc985113c6a3bec4d404d6733,0.0,0.0,0,0,0,0.0
1,CASH_IN,15054.61,647d30c073f759f854f346998cf98a882c342fb23702dba4334c411653fa4ae8,295596.43,310651.04,7c6e4607fdbd35f16607e3988859cfe376b8afcb269912cabfa26cdd321bbfeb,33340.0,185389.8,0,0,0,0.0
1,PAYMENT,5575.09,679b3c0837f1028ebe81c3f03b8a7424dddc3c5ea26b9dd14e47d8a55465c3b9,5773.0,197.91,57c0aa8d0a327596c1e2395443b8b17b944cdf2706f65120651c76aedff61e78,0.0,0.0,0,0,0,0.0
1,PAYMENT,4493.29,dc021f332ea69c6de13c3649cd2d33fb9431e1a1cecbe939d068d536a01f3f43,8258.0,3764.71,735b579ddc0b533c280133b36b66e971a625efe626f3097655e0e923275dad11,0.0,0.0,0,0,0,0.0
1,PAYMENT,3782.98,9189374958471da552daa755c5ef8ff407d9311bf8681bea551b1875edddc254,0.0,0.0,298bcc6b7f6ccb3a913e2c043ae2aa6452772ea780e7874436a5399f57297a1d,0.0,0.0,0,0,0,0.0
1,TRANSFER,383736.31,50cbd8ac3cb833eb0ae42bd2ba42f33e54fcc0aaecfdf53a02119591b17285ee,11294.0,0.0,258fe3107c8fd367a43c849c3826e58f067e94c41234dd844f4007be64c11d4b,21835.74,252055.24,0,0,0,0.0
1,CASH_IN,132457.52,9e95e242f277571ff329455bf64bd021da92186f17bf191b7cd5074d374ad9f3,4645760.1,4778217.62,3889a8462cecfe1c087bd41132df8b09bc44013be304ebbea79eb9d34865068d,8423943.45,12500000.0,0,0,0,0.0
1,CASH_IN,300632.87,8988e4b94525ea0f850239c9cd577e9826ba83e3df3f0c33da567828ed874dd8,2063514.01,2364146.87,980f35d560ce3fce5f78ee451775886cd1fedd750367376775e3b7dfd837c4ae,385057.43,22774.25,0,0,0,0.0
1,CASH_OUT,17851.54,3da393ca8bc674692f1c62d4ac17cb79c0007dd22515ec07684c30b1870a158d,0.0,0.0,990b90cef9a038dae3a1b478ffc9e4f117e4db82f7b40de15520d3e4a6c75bb2,32353.0,0.0,0,0,0,0.0
1,DEBIT,5529.13,0433ff241fe1f0d39e1ee019e392946c91d1f2745707231d5d8e672b129f27f3,8547.0,3017.87,3c478d641af193f2acff337e709caeb53aaa2967300b3b951ac22ca34470167f,10206.0,0.0,0,0,0,0.0
1,PAYMENT,1445.06,83d8d0b5db04e6b7aa9fda865eb7fcc20bb3e4d0fbf0444483fd3780ecf1f6dc,10892.0,9446.94,7fb8ff129af5321ecf3a83d02d242d9b4dadb255b7ccddb9466c2451050bfe34,0.0,0.0,0,0,0,0.0
1,TRANSFER,682894.68,0501ed0c6c7a7fb818c19dae9087f3447fcd92c744e84fef756becbe0df9dcb4,0.0,0.0,b9e5cb8e32a1ae2d741b60236770e9912b2d73dd3cc10b8f711b8c99fd7c3911,2079321.97,1412484.09,0,0,0,0.0
1,PAYMENT,2998.04,fdff38d39569e979bc5c4fbe196bb4fc8880e7bae0dfd307a7cca94ff11b51b8,12030.0,9031.96,e1fe8c9cc16d7d2966f38125d6f99b0c7095503772c5bd3b961a1bc257eafa23,0.0,0.0,0,0,0,0.0
1,CASH_OUT,267148.82,8c07e6dea15f9923e41af355f5ff9edb05356601aae5ee30af4b43963ea30bf4,0.0,0.0,58d89e23009098f59948185afb40c844d3362623e610984db40df65653619cea,641975.35,1178808.14,0,0,0,0.0
1,CASH_IN,26516.56,f5eec1c846a37aefabf3f7f82be78a3d6c77b4ea82442b800d4e97f8f8e5eba9,7716023.4,7742539.96,3126722a38ee2ff55ab471c4e20b0bd183dd24505fdae0e17f96111d0fe1e47e,63127.8,8383.29,0,0,0,0.0
1,PAYMENT,14145.51,f3564431dd31914f4321466cbc6836bd3b9976c48cbb600f7a0077552bc06288,22752.54,8607.03,8f5cbadf85ac818ef9ef171d177876c2aa7c2df91412e558acfc0e87d01b98bd,0.0,0.0,0,0,0,0.0
1,PAYMENT,13465.91,9d8df4fbf0f104d3077cdcd528c97b8a379e4ed38da18cc68a0859bbf740fa3d,0.0,0.0,96dcf165ba3029c9e360d918218dcd509a736bd179eb53ccf8ba6426a21f1ea8,0.0,0.0,0,0,0,0.0
1,CASH_OUT,443200.31,b96bb17f01f906d2b0b828298c3382963f3eaf7617d519eea434e1c99ba5800c,0.0,0.0,8acbf1519fd025bc19899997d54e0c10ab15986d42b2706c8d7a69fae6598a03,3447336.33,3554299.27,0,0,0,0.0
1,PAYMENT,4451.95,cb32a7345f9fed6785aa9a735161c02084e4d9b90070c93804c952ec7af352e9,6799.42,2347.47,6072c196a6cd81fae342afb716fd0b546b0cc070bdc0b71d71f17be2cd75b3ad,0.0,0.0,0,0,0,0.0
1,DEBIT,818.99,d70aa064cd7b93c71602a0ee9b56c49a43dda5b9ebd118d6d396270c6b1d48ee,35335.0,34516.01,8ecbb160fc8eb620d5aad4875ed1639c2c3129e23c80165e6cb555f3b2f388c7,11932.14,18910.85,0,0,0,0.0
1,PAYMENT,5281.48,02cf64a7a74dc5d5b8cd53b4a052824e87b9f76e5a4e930625ac6dac329d119f,152019.0,146737.52,7af2d01e63c5445dab8c850760777a5c68faedc8871f2cd703f44f70bcb9a0f8,0.0,0.0,0,0,0,0.0
1,CASH_OUT,204691.97,749d1ededf748d5e536733c5657ed065fd0fbe8399777f9d068255917ffd864c,11535.71,0.0,7c172f4af0dc401d465a7e6fdd91b06c6233e43ba645a47bb71ff74991dfee2c,564706.83,265092.36,0,0,0,0.0
1,PAYMENT,9361.47,7966024df4c185a5a7dc80265d164e3a1a4348c153a4aa7e4d9fd8125d6cc3d0,31909.0,22547.53,c9e9f207b13634c2c441bd244b4a687a270e999a0c88b0ac12bf96d1be2e98ed,0.0,0.0,0,0,0,0.0
1,CASH_IN,217615.09,5ae0cf64dfffdb01866502454cb637c87287a5f07398d2835fe96dd6d0ca4cd3,6744989.53,6962604.61,cd517d3c6fd1e67b4344734623f72938774905c17286a8404a26b61f4dae8db0,971439.24,3420103.09,0,0,0,0.0
1,PAYMENT,3364.48,f9bc274dfdc34d4763c685bbb64c6a15130b967c50a6698bff5fc47e8100cd8e,23844.01,20479.53,ad385c4c77c504f9a42b6cfb6eabd3532b60b42aca0fac04abfd31b2b984a122,0.0,0.0,0,0,0,0.0
1,PAYMENT,2131.84,5d9aa6f455b15f7b3bbc71c8ba0257c8763631fa7e5769919c44c660a48b5c2b,224.0,0.0,951bfafbb6a9024559137487344565474ae787565b46e505f9cebd8bb35a8351,0.0,0.0,0,0,0,0.0
1,PAYMENT,7143.2,1a3ad6aaa4339ff1c8f463be23b392ef854f4d8d445a916935774f9f583f3026,0.0,0.0,9580315dc6fbb0407f9e86cdd6c628ed4f81311b2f5cdae20ece1554d426fbdf,0.0,0.0,0,0,0,0.0
1,CASH_OUT,614317.64,d69889cc4ea4d8e5fe8a3d711709dc277bf25c3d8bab2e3c51d4c65dd994cd82,0.0,0.0,ba75e7340ae5c37c112a68cb1fd65e5eae26c88feea54dffc784e1e69226f6bd,4541021.72,3997768.55,0,0,0,0.0
1,PAYMENT,1012.84,b817ea4a0359ce43d9cb8f5e7a78e5c9ea924c7ab375cc4608718372d3beedc5,88926.2,87913.35,e7acc265b4d96157e7067225eb82817bb8f7ffe1aba499bd6398bad174f8a411,0.0,0.0,0,0,0,0.0
1,CASH_IN,403418.39,cb78cf06888521a7f8827b29589461d9eaecc371b9cfdbdd8a94c345477b33ef,3834666.95,4238085.34,5cc80daa350b9f4bcfbbd4718cee9333b20a5b3dcc4df21760deb7e56c23f2e7,1801028.99,2107778.11,0,0,0,0.0
1,PAYMENT,12187.88,ed7c26f9bf0aa6989ab79dc6237d24967150027fa3dfdbe946a6d9da5434a3f6,22472.0,10284.12,278086b6720b4a8992d239d94b55b585881d2386f78c8d9ca4799feaad5eeb96,0.0,0.0,0,0,0,0.0
1,PAYMENT,5805.93,841b067fa48258fc8a51bb07ca716b7da0b9d93f5aef9d2ddf12ecc7f4b3589d,2158.0,0.0,4c8090bfb9e62fc5f0e7b5ae25a1fa0ad9b4e114e9f1b584b5a1bbfa7f93f8b8,0.0,0.0,0,0,0,0.0
1,CASH_OUT,30331.38,4963e9e7b2101bd9fa94d19d2658a40feed85bf9f33ffa85dadac8ffb540f0a1,167365.73,137034.36,e75776d81e595e8935a2fba58a6d2761759359982ebaaf260ca991d113d30ed1,105733.69,1015132.48,0,0,0,0.0
1,PAYMENT,3448.92,2051bb64cd32c1c8672e3ca863ea4dea145b5d815af54b7687455ef4715df91c,0.0,0.0,fe4d2d6051bc13e4b62bbb395c3532e0ea1b8926c55e38dfe447f5e3dc96b264,0.0,0.0,0,0,0,0.0
1,PAYMENT,17373.04,639a9055fc2011a69e3e566250ad283672fb93fb8d347b0c02cae2419b2af83f,19873.62,2500.58,a214e1435a24f585529df5f4ee6d764fe3a85f1ccd9ebcac404a94a26f373f94,0.0,0.0,0,0,0,0.0
1,PAYMENT,3644.12,8e30cd93157fdf0df1679e0f7572ac33a92b81c7b050244694003fe12fa5556e,1230.0,0.0,73540b63aef54b3018961988ee8d8b063da790016626b77a8cb3e2c0cde6a839,0.0,0.0,0,0,0,0.0
1,PAYMENT,9125.93,6ed3111c2431c80ed1046acd44d42bfdf3e005f235d89cb8aca9de875fd2c628,9.0,0.0,8354a5777e23fe29fc2521ae8630596b1796849f91f49e4647115e80c5a597bb,0.0,0.0,0,0,0,0.0
1,TRANSFER,969631.31,0358927b43c52c6661569a5f926d844ff1db4c8a8b25d6ad87d11da2d68477c7,0.0,0.0,8726ceef1f85e26e7b744e3456451f3c87b9320741ffbab1df23f8fb225edd43,2134967.54,6453430.91,0,0,0,0.0
1,DEBIT,1280.14,ec4a17a1add08b7622924eb3207569b323ce1e20c38ad6e53ede42107a6631e2,15159.0,13878.86,f9101524954bf52dcaee549a9eb4301390df702626f62e9e0d7bb2e70130b621,11898.0,67762.92,0,0,0,0.0
1,TRANSFER,100362.16,cfde2e268a674eaa0aa838816af15c7484dc29493bc3d5f84aa08b8bc1335547,0.0,0.0,90eb8fc5260b35f84172cf8512f7d34a46b6e43bb0e13892082c5d7b413926c1,876637.74,1567434.81,0,0,0,0.0
1,PAYMENT,6976.97,eb9debd220ba8a52746452f7025c68bbb4e95467fe9eb19d70a3c288f891bad1,0.0,0.0,9c0c628d6ff012994d9ed101eafa31ef62bc2d7cb3ee85d970862ed8b05b3079,0.0,0.0,0,0,0,0.0
1,PAYMENT,7868.9,75e68978fc41f91e0d849c9c0d9bdfdbc640fff2dd463a5994e11ab33b01d29f,601.0,0.0,35297368d0d03c1a91334230d08cc44cbd56362a0161084159d770f9a90b20a1,0.0,0.0,0,0,0,0.0
1,CASH_IN,137465.55,752a4ffb701f152242aea81ad52190e6132e8ff9b596a30ca6cee6abc59f620a,8198009.76,8335475.31,d8fb228cce8e3fe7246be031dc00adb09b8846e8982ebfd855e07f92ebb4410c,1066345.61,500631.71,0,0,0,0.0
1,PAYMENT,6778.32,1be8d3c3f0ee00da726c9ef9b2c4c804b24f771ff1b99ab7b53671739798bad5,1023.0,0.0,39f1dc2fb414dd14d2c873671aa53962079b6bb1a9e71cc2f02aebae201ec6c5,0.0,0.0,0,0,0,0.0
1,PAYMENT,5086.48,ad2067c46a8d05ee979580b4e3d70bd3f8b10bba4ae0f310c26a3c56b114bc19,0.0,0.0,e751019c79f6e5a0e9db88d3e05f00f1a52ed20eb7d05ad8495dfba8e12a73ac,0.0,0.0,0,0,0,0.0
1,TRANSFER,598782.65,9b9afb2afc2ad1016c3eca2aace0f8ec23a8cd36817407aebe26420094f0ee8d,0.0,0.0,634850d17dd0c26fa1f3066c763f835f98ff0876b32337b0f36a99f59408da61,2644679.4,3461666.05,0,0,0,0.0
1,CASH_OUT,114712.48,e98963fe9ac8bf10bf6c9babd74b25d665af6ac081abfad6e01621f59aecae18,0.0,0.0,88599d9f71496283bece9499484ce9b5ed38448510e71e84d3e877beea42c113,145400.0,0.0,0,0,0,0.0
1,PAYMENT,7265.63,7db4f530b1b3f1e95bf2c95da654eafd1e4cacfe15caa886380efa228068cbe3,14508.0,7242.37,efb65fb4064d0c6bca5f8ea88aa11878a4d96a05ce2c4d2e70788c8a864425ed,0.0,0.0,0,0,0,0.0
1,PAYMENT,4088.21,36b4b7781ac4dcd35375247dd0fa4837350a945ee1db5629a724908300f2aab1,0.0,0.0,2405887502d10d343a4213b7e0565e3383b9bf89a8cd6ca544b4705f4ed5d579,0.0,0.0,0,0,0,0.0
1,CASH_IN,24936.34,6af3da03be5a8f56b1aa99223fd27bafd59c27426fcb138068dd962b6411b0ce,4824116.71,4849053.05,dd556b067b899fdab10c135d2fa811512c0f0020a1ede56ac5b24ec178a9979e,104408.0,42450.71,0,0,0,0.0
1,PAYMENT,14204.94,4120bcc0ccf90f5b49aa180e51ca2813e9a2b45cef6e31d914c7e596b242da37,0.0,0.0,4b506d72f9edf0b128c41a2510631f8170ed12b0f12ebd57b1f66aec29e72906,0.0,0.0,0,0,0,0.0
1,PAYMENT,527.15,b38780fb0b5244c640a66b2c397dab20ff52c1e38c6ca8ae74e10f9fa15447cf,72421.0,71893.85,a2498452c60f5b49e15d726c455b19500ac5aad2e039cd96a23ca42f1b6aff05,0.0,0.0,0,0,0,0.0
1,PAYMENT,3043.27,8e2c59b99d078fda8ee095158c2411b72b4c3875471f8a44e80e5d3f63a7bbfb,36369.0,33325.73,a50cb06f5354a039a2d0498077e28c558b6baaabec715ebddd518854191018d4,0.0,0.0,0,0,0,0.0
1,CASH_IN,8679.13,5e2d7ab172314bf45541bb08e7f187394d102bc73a8691d293a3c5a5a49e9b94,7087875.47,7096554.61,83b184425909873196b4e6727c683d0ed4169ac944ae18d03c39035205f68771,94438.08,52415.15,0,0,0,0.0
1,CASH_IN,56912.01,3289a0777ae0df31db3c30e4dab9c07c1abdf8fb629ed00881af52eb25927bbe,8861359.69,8918271.71,d4f1de156e0357095ee0bda14bb4629d1ff6a5f8f5c452bc26fd6aff20140c4e,108462.08,0.0,0,0,0,0.0
1,CASH_IN,5221.77,a555686ebec7a1c776b8e95b345a5f8f4cc56fce1c75cd8ff3b0a7c9a18cef4f,1046.0,6267.77,f73c46c232bb8eeb2f9fc771b7ba34f12cf96ca999498628eaa5498e45ed6472,0.0,139555.44,0,0,0,0.0
1,PAYMENT,5088.99,12f30ff8f8edb0a5b2d9640af0f880806973072df557fb4f8f0ff608059e0ab9,26760.0,21671.01,5fc161b174826da67229fb229ac7a22f3ba1e755f8aedd221aa0f012d9d41cb1,0.0,0.0,0,0,0,0.0
1,PAYMENT,2270.41,31a122ed87c323a5a1a3f4f0890b7f5fb903d5f11ada496f985c3fe197711fa3,60640.12,58369.71,68c4e5d4856c061ca7437bf58d979fca6ed8e83cbac1643cdbcb70bae626d8b5,0.0,0.0,0,0,0,0.0
1,PAYMENT,2469.75,60975d0bc2181ef77d957b57e0aa9f075b145e852c678dd790a2543e8341992d,43821.12,41351.37,628716d8d0ea601161166f684b1c7d48946d97a48c1b9bf2f434b751c14c1fae,0.0,0.0,0,0,0,0.0
1,PAYMENT,1045.63,d82c73c9580476658e63a1ff52413dd72ba2116d30834952d830a8aaab5959ab,26411.48,25365.85,cec1eb9230fe3a239c45caeccc9c983ba385766f7c836c605f28241872952766,0.0,0.0,0,0,0,0.0
1,DEBIT,996.0,981003cad05bcc40f55508035ae2fd181ad152858083391586541c4f42ff8e52,46132.0,45136.0,e75776d81e595e8935a2fba58a6d2761759359982ebaaf260ca991d113d30ed1,88106.55,1015132.48,0,0,0,0.0
1,CASH_OUT,26004.52,a8a7c1dcb53e1ccfc65434c5f9cf0a8bf4e724efd56faa336811a9dba1ddb6cf,0.0,0.0,a43a753fdac586b697f7a951a39e7a9d71cf9b9c44166c382196c8ddbc97e765,52251.58,0.0,0,0,0,0.0
1,CASH_IN,198847.32,a4ee308aa6572cc006701195c8e8d4c889c3ec1a27aa7657cf0562d9314f39eb,6157562.25,6356409.58,b9e5cb8e32a1ae2d741b60236770e9912b2d73dd3cc10b8f711b8c99fd7c3911,964679.26,1412484.09,0,0,0,0.0
1,CASH_IN,365914.64,61ba312fa3e129b516134bfffac674bda8b201290390bd813fb6a1d6944ab588,1314.0,367228.64,d4f1de156e0357095ee0bda14bb4629d1ff6a5f8f5c452bc26fd6aff20140c4e,0.0,0.0,0,0,0,0.0
1,TRANSFER,2258388.15,ff588d26400dd5501db82946006ebda85900ae535917938b6399158ebfe8ef03,0.0,0.0,42a1c4db4ae5fd3ec7dd615a95b12b69465cdaab21dd47d3b18283226ee96739,2784129.27,4619798.56,0,0,0,0.0
1,PAYMENT,8378.01,bc4f5bc90d1aed3363b7058da084f2ec2163cc6fef6bd9969de730ebc6c39eaf,80899.44,72521.43,a98870e14d4b42c051be35a2ea7dbae57574f7f27043eddbf64cacb93f4d3b06,0.0,0.0,0,0,0,0.0
1,PAYMENT,5998.0,0fdf19ac823b5e942c4ee81e71b352fc39068c935ccb554d6b4da3fbacee806d,164.0,0.0,59e6377d691914e8c5cc4026998b11f50314875c8fd5f8589f49321d85d58933,0.0,0.0,0,0,0,0.0
1,CASH_OUT,5223.97,444c7c09099ffe3f7f785fae56c27fd0141c15f64a2ab8dd9ae1342141c1f711,0.0,0.0,c3113bfeeefb675ba4aea644bc153293a4202f474e88b3bbe5d9ed1d31b9a7f3,10429.69,23568.91,0,0,0,0.0
1,PAYMENT,3644.85,476b544621f3a48ef3f812a9853fc91f3edb021f1691817086a8954969498ee9,24111.0,20466.15,a13fc56a1dbd248ef39b7e531305f218ca0061d024c2d01cf44e915a0168ca71,0.0,0.0,0,0,0,0.0
1,TRANSFER,244964.08,166fb71c8a5065a9d7f6828200b188df797175f0b103d51fd8976457d7c859ae,18879.0,0.0,36669da8f13fc3c2c0d078dab215eb1e65e35a16bca1373b0a43f3e1721d03eb,19600.0,204822.85,0,0,0,0.0
1,PAYMENT,1420.96,40a44b5f8b5becce38fa4b065783daaae7955281d84474e644f0b53421ce9d71,21593.0,20172.04,8c7c06c26ccba720ab820267bba40467cc9846415088ad5794c1275e80f0bbda,0.0,0.0,0,0,0,0.0
1,PAYMENT,6540.9,7d07246b2aa506b9216ce8bf6591e7f02084dd1860f42ebdacec726050c4accb,0.0,0.0,8617a03fcf1df769c1aaed72637f08d3145900e8af47a3c1ce7f5e2e79efd08e,0.0,0.0,0,0,0,0.0
1,PAYMENT,96.32,2a2f4dfc2f6d550cbc87e6f3ef1fb89f1a98e9bc54ee6c6b883d04e5dd2afcd4,41255.0,41158.68,6bcdb869d1ba5af57e5d40b92e6e169d67bee4af90247b852dec943c99ac3dba,0.0,0.0,0,0,0,0.0
1,DEBIT,2869.65,3e49b6fc40b8101adaaab9b3f2d7407aa02bc575c5a28a6018bc66aaa7ce019d,8768.0,5898.35,c3533a16bdbdd4f10b44a6a38e1ea50c7a3c4011cf89fe2a434374062b8aadff,15485.0,5484.37,0,0,0,0.0
1,CASH_OUT,15918.79,2117687b4d6c9b4e4298e21d3479a4a774cc3b05a466f7ccf1f62af97e41b6c7,0.0,0.0,66f1679fcc5450af188a8de579f5ad6c3cc075b2fc26c8e42bf3d46d61a1dfdd,24553.0,0.0,0,0,0,0.0
1,CASH_IN,273305.73,478f352add4091dca6f798ef6a361a18c3305e44e18ac71ce02fa52d72340ef1,5912480.6,6185786.33,b9e5cb8e32a1ae2d741b60236770e9912b2d73dd3cc10b8f711b8c99fd7c3911,1237985.0,1412484.09,0,0,0,0.0
1,TRANSFER,902505.61,bd03f051f15e5c16643c5456dd80d66bbcb10f7211275f8cff9f932e5d55a597,0.0,0.0,3eb6d2fa0a2a17ce28bc97c22ea410c01beff7ddeaa3a3d06733dbbbe9947ace,1571970.16,2719172.89,0,0,0,0.0
1,PAYMENT,5263.67,13fbc43a65b2dfbd87ad1a5f864464972798b20af729e4e8e37ab7b068e9c93a,31429.0,26165.33,86b583de242dfbd5be1c441affed94a91522a97e85dab49b7581a0c7cfe8b808,0.0,0.0,0,0,0,0.0
1,TRANSFER,330757.04,d419f9f5519a6e9dfbfde4ed41f9439279382d61f8264edb4f4417e5b26b421e,103657.0,0.0,7a3400bac20ffde9e8a4901a7c8b154f7c7d55d49b8b193a5e710892017c0dc2,79676.0,1254956.07,0,0,0,0.0
1,TRANSFER,314403.14,e04f0599e161dc2d458cca7ffc680328c277e4991198634790af462f84ccc6e4,0.0,0.0,42a1c4db4ae5fd3ec7dd615a95b12b69465cdaab21dd47d3b18283226ee96739,888232.25,4619798.56,0,0,0,0.0
1,CASH_IN,229848.96,0658f41fbff4943694dc80b96cf72f2613bb618a2d15db920d5d4710c13c45b6,3792176.96,4022025.93,56cea2a516c83ae963ccdef693077d96512606ad0a5177f7675c96b0e9b03c90,1042179.91,1186556.81,0,0,0,0.0
1,PAYMENT,598.24,2f81dbda877ae614ab98b3b8cf8f8fa85b1ae51e9487bec5d9fa364dbccf6c05,102631.0,102032.76,2a905f299f416c76c9d7068f490aac51d60768a6c182ca550558bcf5d77bb428,0.0,0.0,0,0,0,0.0
1,PAYMENT,1220.37,d88a77bb19fe008db73c5b3a32454336d9ad6f4c40e8da2b2a1899e130491c9c,159791.0,158570.63,81c6543465f7abe5d6b62ac9b78e0c621bd2d73b98262a93dc14e1d8d198567a,0.0,0.0,0,0,0,0.0
1,CASH_OUT,95636.49,111ccaacadbaea46e2255ff928470360f5e50f8468abeaa528e0496fe4995708,0.0,0.0,4572f5ebd12198228c10fbe28b9986f8d239237bf1682b94214574064777d2d6,359141.7,1363368.51,0,0,0,0.0
1,CASH_IN,152823.85,8e491fbf6b0a04bfd6148219f9ae6c298ecd4af88fb1cb3666317018886d9512,6565786.32,6718610.17,42a1c4db4ae5fd3ec7dd615a95b12b69465cdaab21dd47d3b18283226ee96739,1202635.39,4619798.56,0,0,0,0.0
1,CASH_OUT,106267.21,9428741020381344f31f59f6a55df1810e23636dc6835e19994371d815053d94,0.0,0.0,bd80c7716faebd45ea316424721639540fb7f5b2f2758b73fad51637cc5fc962,241106.05,49864.36,0,0,0,0.0
1,PAYMENT,3677.29,481bde433ccc20dbe934d0dffb3b5288b8f40eeaa373082b745ea451a2de6de3,0.0,0.0,f8fae7f7873b6d28e9e3b75a6469a584ee74246f75bf54cbb0aedd8d7e4308a2,0.0,0.0,0,0,0,0.0
1,CASH_OUT,88834.86,3e82715604060a3d452641087df40d04154af52e2ba711997f0fb42607f55296,0.0,0.0,7ba10b36fbd62262e79eeeecb869312021ae8a1e77a9b9b559388809c0f7ab04,464326.57,971418.91,0,0,0,0.0
1,PAYMENT,846.91,641edbb55fc5377d7cc185435fd24ba85f44040d50d865b71def60505e01313e,20272.0,19425.09,bd3a0c7d0110014e79f01b49e10002339b06e3e04a437b66a491bf21c1a7f63e,0.0,0.0,0,0,0,0.0
1,CASH_IN,160347.32,bd84524001100cc429ab936bcd5f9330a22361dfb6e121751b9f29fc39f3bb5b,7965270.68,8125617.99,d1f3489c3c128e018de4da5df71f88d6c5ea4463f7e7ff787d635da2d17e64ba,724867.22,1517262.16,0,0,0,0.0
1,CASH_IN,19872.97,c7b701300aae7720870a6d44599f215a8c37ed5fb92d22204ee9306b2f6baec1,3561106.22,3580979.18,7c6e4607fdbd35f16607e3988859cfe376b8afcb269912cabfa26cdd321bbfeb,168814.13,185389.8,0,0,0,0.0
1,PAYMENT,28527.44,98d2c7dd3cdb06f778099654ffa00468ddf05fed9e1d586851809a9002c90980,0.0,0.0,40952fb55f63b0a2afc445ca53fbfc0442e389ada008763f494c517c3bf89506,0.0,0.0,0,0,0,0.0
1,PAYMENT,14403.17,0f96cb673fbfcec653e217b2b67b33756a46fdcca904833bcffd0f442cb4d683,0.0,0.0,c80f4f66067c1a577ce85fe645beda05f012d89fd54f8afbdb6471f0c1e22f06,0.0,0.0,0,0,0,0.0
1,PAYMENT,2946.38,79e3fc42e89388b249bf3f558ae3a9ceb7e41a58b0bf3a062d457eac618a58ce,0.0,0.0,0f95ccd8a3737820bae21bb6dd7b6a85ef1776d00caf23afc0f230e42ccb3c9c,0.0,0.0,0,0,0,0.0
1,PAYMENT,5983.88,e1e76c9f4a403d1ec4cfe4bdcfb91d87533583f3307afe3bbad2e047ddc83c30,3530.0,0.0,3ee13f0d5baaf4f55bcde0da365f5fda4526d803dd6f96b43d34d5aaddbf0d14,0.0,0.0,0,0,0,0.0
1,PAYMENT,13525.15,e4319ceb9eac790afbfdde70e00610eb6d4be407c3047f15e2929c66721f7da8,173.0,0.0,cb1503e5ce64364c72e68b7a65139b7f59bc1d6545ea6dbf71fe36b63eead03f,0.0,0.0,0,0,0,0.0
1,PAYMENT,6444.64,3e27c91a1dafa8a892f6c8635e93757c641c31cda9ccdb7077109a727ffbd930,12019.0,5574.36,a6c5543d1f1b3fc8ae053e8b4286a8a4cdc1a944f1b70ec9aba501ce7ebf1674,0.0,0.0,0,0,0,0.0
1,PAYMENT,1157.05,4c0ca83e1434ea3ec37e6f0a2819f7f3d5578ca59b65ae5fb9e7ed626613ff97,52867.0,51709.95,aa10dfccaf67238c5f53bbfd5f5465ee8e9ad78106529e81257dac49177a7377,0.0,0.0,0,0,0,0.0
1,PAYMENT,3486.78,2d86afef6d868f7993c15e0b00a31017e45b5f363f16ec50cb999394e8b34883,114703.5,111216.72,d4e00a800bf24dd516ffa34adb965429da0f0961d762eaab51102f4d19d78fb3,0.0,0.0,0,0,0,0.0
1,PAYMENT,266.88,38c30e121bcd413409528701bd881080bfd3077ca8f09581c364189362bc283b,4182.0,3915.12,3a0a8a1d46745ebaff22d848993c109ac9ad7f294d0f419540b98305e6d0eec4,0.0,0.0,0,0,0,0.0
1,CASH_IN,259753.27,24b52f3a01b33b04ad78dda796f50f72c0205190066c65f72ec1389577b53bf3,5418633.09,5678386.36,88599d9f71496283bece9499484ce9b5ed38448510e71e84d3e877beea42c113,260112.48,0.0,0,0,0,0.0
1,PAYMENT,351.26,ae3be76307d28489208b79e61d1ccf54d7de811ec9bcbad13ba2a910b48a5f84,21120.0,20768.74,dd4c6f7e748c429281fd2973a26648e37b9e9244a0dcf6df28b70a0977783735,0.0,0.0,0,0,0,0.0
1,PAYMENT,6456.26,ae23d1736592ddbee42e5afa572964c2facb2d812e38770d412cf2d737092162,200344.82,193888.56,0e5cc6a5c2acaae7cb0492ae0c98e8b63d2a2b627cb0aa281839b83d5d350601,0.0,0.0,0,0,0,0.0
1,CASH_IN,106634.77,0a1f66aa7c09ef0fdae0e5baa256a14e739369e65b9e8b92eb536dc19176b67e,974295.31,1080930.07,2e62678fa62d16944469f42f34cd74d29169e92e358e8190ca978ee18c9d26be,4963151.39,22190.99,0,0,0,0.0
1,PAYMENT,5432.09,8b8f105ea8a4c24ed6cba7ca1c1d53b13235e27cc8e4bd9eff71e3fc1492916d,49867.83,44435.75,19a0726ca6ed66c067e81b05e72bf99354f048d8eaee2351309a6c6377402deb,0.0,0.0,0,0,0,0.0
1,DEBIT,3256.43,5cb17060ec68ea38e25b84bea89bc7bcfce1797716cb0ebbdd99774afa63df9e,10935.0,7678.57,145c1f9460977781469b0031af92d8ae4052353caa127c09f5b28f6d433ceae9,26222.91,29479.34,0,0,0,0.0
1,TRANSFER,331545.25,a8ca90a266f62399b49874b953b8ebbed972a95ea750dc756851b3233e5b019e,5265590.36,4934045.11,b9e5cb8e32a1ae2d741b60236770e9912b2d73dd3cc10b8f711b8c99fd7c3911,1543990.84,1412484.09,0,0,0,0.0
1,CASH_IN,235362.23,7207723f2d68f64196f4f8883541cef1e8a577923dd157539fd550dd7d77c67d,2073267.5,2308629.73,84a1cd178522e8de7fa9523a6eb8df685d6bc285c08af44dafd5f0b6f83a2a6c,1128757.61,157982.12,0,0,0,0.0
1,CASH_OUT,244361.81,0ac662c9b51d208eea8bf2c974d1de03763abb82131bf6abba46e7385d802714,0.0,0.0,d1f3489c3c128e018de4da5df71f88d6c5ea4463f7e7ff787d635da2d17e64ba,859282.41,1517262.16,0,0,0,0.0
1,PAYMENT,12491.01,9e92819c9518510ab55551cbdc13398ce5dd40f18a5b85db9f801656bae83f36,0.0,0.0,5b8f95977655f7a7685c3afdf9dd67349abc8707eea45e6ace18c1abca1f5b8b,0.0,0.0,0,0,0,0.0
1,PAYMENT,4227.19,5de8a520d64468ed7cb9a2a1197c9d8fd77dff23cf2c42608b8841b89f863237,36054.0,31826.81,3a43958afd5293ad7a9804bd333a6f314d243611f92af48f6f6b803c7c14be02,0.0,0.0,0,0,0,0.0
1,PAYMENT,14306.8,3249ed054ca8dae1686b3a6e6932b58afe4dc97258ce0f40d40fd756822e86d3,0.0,0.0,d693eaa40bac784d08155a5d11d96801a8c6183926ef5faec30218e256dda9dc,0.0,0.0,0,0,0,0.0
1,CASH_IN,206405.92,71d3f1efdf61a49d11f76ffb2522b99d54cedb03fc3ca3235561cad5e675c4fb,2559941.74,2766347.65,634850d17dd0c26fa1f3066c763f835f98ff0876b32337b0f36a99f59408da61,1221423.7,3461666.05,0,0,0,0.0
1,PAYMENT,1146.72,647d5bec51a2cb07f4dd8662be52c92637b2289ce0325498aa4ffc971df3d3e7,10248.0,9101.28,8e491570e3fd00bac81695398da53ebb6a6bee2231913ac54c8a54031221d0ba,0.0,0.0,0,0,0,0.0
1,CASH_IN,221557.88,dcd8463bf155bbb45a00a0b8e9cf06dfa49509331b7bc7243f725081d5b1b7ca,11599.0,233156.88,e75776d81e595e8935a2fba58a6d2761759359982ebaaf260ca991d113d30ed1,1781393.88,1015132.48,0,0,0,0.0
1,PAYMENT,141.87,d3e54ab46919c5a766ed9bba75a0e69c20e3e0b45d76172b4c4ba730dfaa94c3,95149.22,95007.35,675b53f230be9f130f9cd35b080cfb9ee02321dc3475da44a0dd428db37e48e9,0.0,0.0,0,0,0,0.0
1,PAYMENT,19741.22,8d8da6b98644f431e432912f83f2847d6bbddec102f9373b2fc4875267a54687,81762.38,62021.17,b6d8e03aeb3ecfe42b1b16b7c5a80867f2ac9a66fc078180be1672d50337960c,0.0,0.0,0,0,0,0.0
1,PAYMENT,8176.58,ccac0d5e13057be85bffdf11687b60e4a19c7d16b9f220dc4ac121babba0ad04,820.0,0.0,5ed3d16c133a50299b43eaeb7b4f8b31a5086547b93c9e1c42e65ce0c331971b,0.0,0.0,0,0,0,0.0
1,PAYMENT,2880.68,b936f876611caa2de55e0200e1bc7056579f899f725005af6c9d5be7e2409f6e,121524.14,118643.46,b9e8f901da76f93693fe4a92080b7ebe0009afd5c873d1af6361190919c1b761,0.0,0.0,0,0,0,0.0
1,CASH_IN,50938.65,74e2ffca74df916987779f61f1fccfbf8b767480b6deab941bd411d035ce3e86,1192199.07,1243137.72,3889a8462cecfe1c087bd41132df8b09bc44013be304ebbea79eb9d34865068d,9666505.83,12500000.0,0,0,0,0.0
1,CASH_IN,158775.58,fae80f673e96cbbe2be4ed081bdc1f2b74425e1d3064e211e9914a5f857d70a3,7421528.07,7580303.64,b9e5cb8e32a1ae2d741b60236770e9912b2d73dd3cc10b8f711b8c99fd7c3911,688899.05,1412484.09,0,0,0,0.0
1,PAYMENT,7694.63,50dedefc89caa1b2a22758d4f5d3752afe77a74d9d5608d45e026ee268580e5b,24777.54,17082.91,8fd7ec47d3dbd3777e3fe51397791f64b92fd3f0d315b602a13e6b6b42d9972d,0.0,0.0,0,0,0,0.0
1,PAYMENT,2731.37,402ac2a25a164bd763710984390fa3f66f814e2fe63c5f7e4c6a71a7f0912ef9,17540.0,14808.63,cbf5be5dac0f8fdda2157c9e9e79ed5521f24141ac9c96b18e6e2a8e76795e36,0.0,0.0,0,0,0,0.0
1,CASH_IN,174413.77,03c64484829027b8955aee43251fd2e1afc6ef59f30fd027a46ffcfca9e9dd1a,6491800.66,6666214.43,f0679c0cc74ed12ed6dd386a061f9833992aa267c871b0b8e3451f916e45ecb9,213713.99,46393.85,0,0,0,0.0
1,PAYMENT,5270.72,f92bf8650002ac8c9aa54268e11611f3a1f7fd37ddb9ca1d306aadbe8bd6869b,62021.17,56750.45,9ad743241c811844cd3590dd9d2e880e148601172bd7489f95e9a21e7550fc66,0.0,0.0,0,0,0,0.0
